CC,CCL,CCO,CI,CLC,CLLC,McCC,NL,NLE,CD,CLOC,DLOC,TCD,TCLOC,LLOC,LOC,NOS,NUMPAR,TLLOC,TLOC,TNOS,HOR_D,HOR_T,HON_D,HON_T,HLEN,HVOC,HDIFF,HVOL,HEFF,HBUGS,HTIME,CYCL,PARAMS,CYCL_DENS
0.0,0,0,0,0.0,0,1,0,0,0.0,0,0,0.0,0,8,8,4,2,9,9,7,6,14,14,19,33,20,4.071428571428571,142.62362713128297,580.6819104630806,0.0475412090437609,32.26010613683781,1,2,25.0
0.0,0,0,0,0.0,0,1,0,0,0.0,0,0,0.0,0,3,3,2,1,3,3,2,2,2,4,5,7,6,1.25,18.09473750504809,22.61842188131012,0.0060315791683493,1.2565789934061178,1,1,100.0
0.0,0,0,0,0.0,0,2,1,1,0.0,0,0,0.353659,58,17,79,10,1,106,176,67,9,47,20,54,101,29,12.15,490.6560805078848,5961.471378170801,0.1635520268359616,331.1928543428223,2,1,10.0
1.0,1,33,1,1.0,0,4,1,1,0.571429,8,8,0.571429,8,6,8,4,1,6,8,4,11,15,8,16,31,19,11.0,131.68575291675114,1448.5432820842625,0.0438952509722503,80.47462678245903,3,1,100.0
0.0,0,0,0,0.0,0,2,1,1,0.0,0,0,0.0,0,7,7,6,1,7,7,6,9,17,9,19,36,18,9.5,150.11730005192322,1426.1143504932706,0.0500391000173077,79.22857502740392,2,1,40.0
0.0,0,0,0,0.0,0,1,0,0,0.0,0,0,0.0,0,1,1,1,1,1,1,1,4,5,4,6,11,8,3.0,33.0,99.0,0.011,5.5,1,1,100.0
1.0,1,87,1,1.0,0,2,1,1,0.0,0,0,0.0,0,6,6,3,0,6,6,3,8,8,6,7,15,14,4.666666666666667,57.11032383086405,266.51484454403226,0.019036774610288,14.806380252446235,2,0,66.66666666666666
0.0,0,0,0,0.0,0,1,0,0,0.0,0,0,0.0,0,6,7,4,0,6,7,4,4,11,9,18,29,13,4.0,107.31275182609168,429.2510073043667,0.0357709172753638,23.847278183575927,1,0,25.0
0.0,0,0,0,0.0,0,2,0,0,0.0,0,0,0.0,0,1,1,1,2,1,1,1,1,1,1,1,2,2,0.5,2.0,1.0,0.0006666666666666,0.0555555555555555,1,0,100.0
0.0,0,0,0,0.0,0,6,4,2,0.0,0,0,0.0,0,15,15,10,2,15,15,10,7,28,15,33,61,22,7.700000000000001,272.0253287368751,2094.5950312739387,0.0906751095789583,116.36639062632992,6,2,40.0
0.0,0,0,0,0.0,0,2,1,1,0.0,0,0,0.0,0,6,7,4,0,6,7,4,8,10,6,11,21,14,7.333333333333333,79.95445336320968,586.3326579968709,0.0266514844544032,32.57403655538172,2,0,40.0
0.0,0,0,0,0.0,0,4,1,1,0.272727,6,5,0.272727,6,16,22,8,0,16,22,8,12,37,20,43,80,32,12.9,400.0,5159.999999999999,0.1333333333333333,286.66666666666663,4,0,33.33333333333333
0.0,0,0,0,0.0,0,1,0,0,0.0,0,0,0.0,0,1,1,2,1,1,1,6,1,1,1,2,3,2,1.0,3.0,3.0,0.001,0.1666666666666666,1,1,100.0
0.0,0,0,0,0.0,0,5,2,2,0.0,0,0,0.0,0,10,10,6,2,10,10,6,13,28,15,36,64,28,15.6,307.67071501168664,4799.663154182312,0.1025569050038955,266.64795301012845,4,2,50.0
0.0,0,0,0,0.0,0,4,1,1,0.157895,3,0,0.161765,11,16,24,9,0,57,71,31,7,35,20,40,75,27,7.0,356.6165626622602,2496.3159386358216,0.1188721875540867,138.6842188131012,3,0,33.33333333333333
0.0,0,0,0,0.0,0,4,2,2,0.0,0,0,0.0,0,6,6,4,2,6,6,4,5,13,10,17,30,15,4.25,117.20671786825557,498.1285509400861,0.0390689059560851,27.673808385560346,3,2,75.0
0.0,0,0,0,0.0,0,2,1,1,0.0,0,0,0.0,0,3,3,1,2,3,3,1,3,4,6,8,12,9,2.0,38.03910001730775,76.0782000346155,0.0126797000057692,4.226566668589751,2,2,200.0
1.0,1,2,1,1.0,0,1,0,0,0.0,0,0,0.0,0,3,3,1,0,3,3,1,2,2,2,2,4,4,1.0,8.0,8.0,0.0026666666666666,0.4444444444444444,1,0,100.0
0.0,0,0,0,0.0,0,4,0,0,0.0,0,0,0.0,0,3,3,1,2,3,3,1,4,8,6,10,18,10,3.333333333333333,59.794705707972525,199.31568569324176,0.0199315685693241,11.073093649624544,1,2,100.0
0.0,0,0,0,0.0,0,2,1,1,0.0,0,0,0.0,0,1,1,2,1,1,1,3,4,4,4,5,9,8,2.5,27.0,67.5,0.009,3.75,1,1,100.0
0.0,0,0,0,0.0,0,16,3,3,0.0,0,0,0.0,0,1,1,1,0,1,1,1,0,0,3,3,3,3,0.0,4.754887502163468,0.0,0.0015849625007211,0.0,1,3,0.0
0.0,0,0,0,0.0,0,7,2,2,0.117647,2,0,0.117647,2,15,21,14,3,15,21,14,11,42,12,45,87,23,20.625,393.54989017696016,8116.966484899804,0.1311832967256533,450.9425824944335,7,3,43.75
0.0,0,0,0,0.0,0,3,1,1,0.0,0,0,0.0,0,16,18,8,1,16,18,8,8,21,10,24,45,18,9.6,187.64662506490404,1801.407600623079,0.0625488750216346,100.07820003461548,3,1,27.27272727272727
0.0,0,0,0,0.0,0,2,1,1,0.0833333,1,0,0.0857143,3,11,14,6,0,32,40,22,7,19,15,22,41,22,5.133333333333333,182.8366963641292,938.5617080025296,0.0609455654547097,52.14231711125165,2,0,33.33333333333333
0.0,0,0,0,0.0,0,3,1,1,0.153846,2,0,0.153846,2,11,16,5,2,11,16,5,7,50,18,55,105,25,10.694444444444445,487.6048999263461,5214.6635131012,0.1625349666421153,289.7035285056222,3,2,60.0
0.0,0,0,0,0.0,0,2,1,1,0.0,0,0,0.0,0,5,5,2,4,7,7,4,6,8,10,13,21,16,3.9,84.0,327.6,0.028,18.200000000000003,2,4,66.66666666666666
0.0,0,0,0,0.0,0,10,5,5,0.0204082,1,0,0.03125,2,48,57,28,5,62,75,40,18,73,35,82,155,53,21.085714285714285,887.827670457296,18720.48059421384,0.2959425568190986,1040.0266996785467,8,5,25.0
0.0,0,0,0,0.0,0,3,1,1,0.0,0,0,0.0,0,7,9,4,0,7,9,4,10,27,14,25,52,24,8.928571428571429,238.41805003750017,2128.732589620537,0.0794726833458333,118.2629216455854,3,0,75.0
1.0,1,82,1,1.0,0,2,1,1,0.0,0,0,0.0,0,5,5,2,0,5,5,2,4,6,5,6,12,9,2.4,38.03910001730775,91.2938400415386,0.0126797000057692,5.0718800023077,2,0,100.0
0.0,0,0,0,0.0,0,2,1,1,0.0833333,1,0,0.0833333,1,11,13,8,2,11,13,8,5,17,9,22,39,14,6.111111111111112,148.48684196024655,907.4195897570625,0.0494956139867488,50.41219943094791,2,2,25.0
0.0,0,0,0,1.0,0,2,0,0,0.0,0,0,0.0,0,1,1,1,0,1,1,1,9,50,20,57,107,29,12.825,519.8039664786503,6666.485870088691,0.1732679888262167,370.3603261160384,3,3,42.85714285714285
0.0,0,0,0,0.0,0,1,0,0,0.2,1,1,0.2,1,4,4,3,2,4,4,3,3,3,3,6,9,6,3.0,23.264662506490403,69.79398751947122,0.0077548875021634,3.877443751081734,1,2,50.0
0.0,0,0,0,0.0,0,4,1,1,0.0,0,0,0.0,0,6,6,3,2,6,6,3,6,12,9,16,28,15,5.333333333333333,109.39293667703852,583.4289956108721,0.0364643122256795,32.41272197838178,2,2,66.66666666666666
0.0,0,0,0,0.0,0,3,2,2,0.0,0,0,0.0,0,13,15,10,2,13,15,10,10,23,13,31,54,23,11.923076923076923,244.2723456270787,2912.477967092092,0.0814241152090262,161.80433150511624,3,2,27.27272727272727
1.0,1,4,1,1.0,0,4,1,1,0.0,0,0,0.0,0,11,16,8,2,12,17,10,13,26,16,28,54,29,11.375,262.3309737368889,2984.014826257112,0.0874436579122963,165.77860145872845,3,2,33.33333333333333
1.0,1,69,1,1.0,0,1,0,0,0.0,0,0,0.0,0,4,4,2,1,4,4,2,5,5,6,8,13,11,3.333333333333333,44.97261104228487,149.90870347428287,0.0149908703474282,8.328261304126826,1,1,50.0
0.0,0,0,0,0.0,0,1,0,0,0.25,1,0,0.25,1,3,4,1,1,3,4,1,3,6,6,7,13,9,1.75,41.20902501875006,72.1157937828126,0.0137363416729166,4.0064329879340335,1,1,100.0
0.0,0,0,0,0.0,0,8,1,1,0.0333333,1,0,0.0333333,1,29,32,7,0,29,32,7,6,120,47,155,275,53,9.893617021276595,1575.1781250048798,15584.209109090834,0.5250593750016266,865.7893949494908,8,0,88.88888888888889
0.0,0,0,0,0.0,0,2,1,1,0.0,0,0,0.0,0,1,1,3,2,1,1,3,0,0,3,3,3,3,0.0,4.754887502163468,0.0,0.0015849625007211,0.0,1,3,0.0
0.0,0,0,0,0.0,0,1,0,0,0.0,0,0,0.0,0,1,1,1,3,1,1,2,14,1670,656,1756,3426,670,18.73780487804878,32163.347219592437,602670.5244256558,10.721115739864144,33481.695801425325,4,1,3.571428571428571
0.0,0,0,0,0.0,0,24,3,3,0.0416667,3,0,0.0416667,3,69,82,23,1,69,82,23,19,172,51,206,378,70,38.372549019607845,2316.868980405198,88904.1685226073,0.772289660135066,4939.120473478183,19,1,37.25490196078432
0.0,0,0,0,0.0,0,1,0,0,0.0,0,0,0.0,0,4,4,2,0,4,4,3,6,9,7,9,18,13,3.8571428571428577,66.60791492653966,256.9162432880816,0.0222026383088465,14.273124627115644,1,0,50.0
0.0,0,0,0,0.0,0,1,0,0,0.0,0,0,0.0,0,1,1,1,7,1,1,1,2,2,9,16,18,11,1.7777777777777777,62.26976913547136,110.70181179639351,0.0207565897118237,6.150100655355195,1,7,100.0
0.0,0,0,0,0.0,0,1,0,0,0.0,0,0,0.0,0,3,3,2,0,3,3,2,4,8,7,10,18,11,2.857142857142857,62.26976913547136,177.91362610134675,0.0207565897118237,9.88409033896371,1,0,100.0
0.0,0,0,0,0.0,0,2,1,1,0.242424,8,7,0.156863,8,25,28,14,4,43,47,28,9,65,49,83,148,58,7.622448979591837,866.9811872788806,6608.519866299223,0.2889937290929602,367.1399925721791,2,4,9.090909090909092
1.0,2,2,2,1.0,0,1,0,0,0.0,0,0,0.0,0,1,1,1,0,1,1,1,3,14,7,14,28,10,3.0,93.01398665684616,279.04195997053847,0.0310046622189487,15.50233110947436,1,0,100.0
0.0,0,0,0,0.0,0,1,0,0,0.7,7,7,0.7,7,3,3,2,1,3,3,2,4,4,4,5,9,8,2.5,27.0,67.5,0.009,3.75,1,1,100.0
0.0,0,0,0,0.0,0,3,2,2,0.0,0,0,0.0,0,16,17,8,3,16,17,8,10,21,15,28,49,25,9.333333333333334,227.5489532989615,2123.7902307903078,0.0758496510996538,117.98834615501708,3,3,20.0
0.0,0,0,0,0.0,0,2,1,1,0.0,0,0,0.0,0,8,9,4,3,8,9,4,6,11,6,15,26,12,7.5,93.20902501875008,699.0676876406255,0.03106967500625,38.83709375781253,2,3,40.0
0.0,0,0,0,0.0,0,4,1,1,0.0,0,0,0.0,0,9,9,6,2,9,9,6,11,16,11,19,35,22,9.5,156.0801066523054,1482.761013196901,0.0520267022174351,82.3756118442723,3,2,50.0
0.0,0,0,0,0.0,0,2,1,1,0.0666667,1,0,0.0571429,2,14,15,7,1,33,35,21,8,27,18,26,53,26,5.777777777777778,249.1233050614779,1439.3790959107612,0.0830411016871593,79.96550532837563,2,1,25.0
0.0,0,0,0,0.0,0,5,2,1,0.0,0,0,0.0,0,9,9,6,0,9,9,6,10,20,8,17,37,18,10.625,154.28722505336555,1639.301766192009,0.0514290750177885,91.0723203440005,3,0,42.85714285714285
0.488889,4,23,4,0.466667,0,11,3,2,0.0,0,0,0.0,0,31,41,25,3,35,45,28,19,91,45,102,193,64,21.53333333333333,1158.0,24935.6,0.386,1385.3111111111111,10,3,31.25
0.0,0,0,0,0.0,0,1,0,0,0.0,0,0,0.0,0,13,16,4,0,46,54,23,7,18,21,25,43,28,4.166666666666667,206.71626164847697,861.3177568686541,0.0689054205494923,47.85098649270301,1,0,14.285714285714285
0.0,0,0,0,0.0,0,1,0,0,0.0,0,0,0.0,0,6,8,4,3,6,8,4,4,12,10,18,30,14,3.6,114.22064766172812,411.1943315822212,0.038073549220576,22.844129532345622,1,3,25.0
0.0,0,0,0,0.0,0,2,0,0,0.0,0,0,0.0,0,3,3,1,1,3,3,1,5,6,5,7,13,10,3.5,43.18506523353572,151.147728317375,0.0143950217445119,8.397096017631945,1,1,100.0
0.0,0,0,0,0.0,0,4,1,1,0.0,0,0,0.0,0,1,1,2,0,1,1,2,9,243,102,328,571,111,14.470588235294118,3879.611459685911,56140.25994604318,1.2932038198953035,3118.9033303357323,1,4,0.9523809523809524
1.0,1,14,1,1.0,0,2,1,1,0.0,0,0,0.0,0,5,5,3,1,5,5,3,4,5,4,8,13,8,4.0,39.0,156.0,0.013,8.666666666666666,1,1,33.33333333333333
0.0,0,0,0,0.5,0,11,2,2,0.0,0,0,0.0,0,2,2,11,0,2,2,13,9,50,20,57,107,29,12.825,519.8039664786503,6666.485870088691,0.1732679888262167,370.3603261160384,3,3,42.85714285714285
0.0,0,0,0,0.0,0,1,0,0,0.0,0,0,0.0,0,18,25,8,0,85,98,64,2,16,10,24,40,12,2.4,143.39850002884626,344.156400069231,0.0477995000096154,19.11980000384617,1,0,12.5
0.0,0,0,0,0.0,0,10,3,2,0.025,1,0,0.025,1,39,46,23,1,39,46,23,12,76,28,78,154,40,16.714285714285715,819.5769266126539,13698.642916240073,0.2731923088708846,761.0357175688929,10,1,32.25806451612903
0.0,0,0,0,0.0,0,1,0,0,0.0,0,0,0.0,0,4,4,2,2,5,5,3,3,3,5,6,9,8,1.7999999999999998,27.0,48.6,0.009,2.7,1,2,100.0
0.0,0,0,0,0.0,0,5,2,2,0.0,0,0,0.0,0,14,14,11,0,14,14,11,11,24,14,24,48,25,9.428571428571429,222.9050971091868,2101.6766298866182,0.0743016990363956,116.7598127714788,4,0,40.0
0.200969,1,5,1,0.157895,0,1,0,0,0.0,0,0,0.0779221,6,5,7,2,0,71,95,51,3,6,7,8,14,10,1.7142857142857142,46.50699332842308,79.7262742772967,0.0155023311094743,4.4292374598498165,1,0,50.0
0.0,0,0,0,0.0,0,1,0,0,0.0,0,0,0.0,0,6,6,4,0,6,6,4,4,13,14,19,32,18,2.7142857142857144,133.437600046154,362.1877715538466,0.0444792000153846,20.121542864102587,1,0,25.0
0.0,0,0,0,0.0,0,24,2,2,0.268657,18,0,0.268657,18,49,62,37,1,49,62,37,12,100,38,131,231,50,20.684210526315788,1303.730779837961,26966.64191980625,0.4345769266126538,1498.1467733225695,23,1,62.16216216216216
0.0,0,0,0,0.0,0,3,2,2,0.0,0,0,0.0,0,12,12,9,4,12,12,9,13,24,11,28,52,24,16.545454545454547,238.41805003750017,3944.735009711367,0.0794726833458333,219.1519449839648,3,4,33.33333333333333
0.0,0,0,0,0.0,0,2,1,1,0.0,0,0,0.0,0,5,5,2,1,5,5,2,4,6,4,6,12,8,3.0,36.0,108.0,0.012,6.0,2,1,100.0
0.0455433,1,6,2,0.0520095,0,3,1,1,0.0689655,2,0,0.0179028,7,27,60,12,4,384,423,255,10,65,47,77,142,57,8.191489361702128,828.2703820113934,6784.768022859287,0.2760901273371311,376.931556825516,3,4,6.521739130434782
0.0,0,0,0,0.0,0,3,0,0,0.0,0,0,0.0,0,1,1,1,0,1,1,1,1,1,1,1,2,2,0.5,2.0,1.0,0.0006666666666666,0.0555555555555555,1,0,100.0
0.0,0,0,0,0.0,0,11,2,2,0.0454545,2,0,0.0967742,6,42,49,19,2,56,68,29,18,68,35,80,148,53,20.57142857142857,847.7322272753536,17439.062961092986,0.2825774090917845,968.8368311718326,9,2,31.03448275862069
0.0,0,0,0,0.0,0,4,1,1,0.166667,1,0,0.166667,1,5,8,3,0,5,8,3,7,10,9,9,19,16,3.5,76.0,266.0,0.0253333333333333,14.77777777777778,3,0,150.0
0.0,0,0,0,0.0,0,2,1,1,0.0,0,0,0.0,0,11,11,8,3,11,11,8,7,22,13,28,50,20,7.538461538461538,216.09640474436813,1629.0344357652366,0.0720321349147893,90.5019130980687,2,3,25.0
1.0,1,87,1,1.0,0,4,1,1,0.0,0,0,0.0,0,11,12,7,0,11,12,7,6,24,14,27,51,20,5.785714285714286,220.4183328392555,1275.277497141407,0.0734727776130851,70.84874984118926,3,0,42.85714285714285
0.0,0,0,0,0.0,0,19,4,4,0.0714286,4,0,0.0714286,4,52,67,32,2,52,67,32,18,106,53,136,242,71,23.09433962264151,1488.2388029201331,34369.892354231,0.4960796009733777,1909.4384641239444,16,2,35.55555555555556
0.0,0,0,0,0.0,0,4,1,1,0.0,0,0,0.0,0,1,1,1,1,1,1,1,7,15,9,19,34,16,7.388888888888889,136.0,1004.8888888888888,0.0453333333333333,55.827160493827165,3,1,100.0
0.0,0,0,0,0.0,0,3,1,1,0.0,0,0,0.0,0,3,3,2,2,3,3,2,6,6,5,8,14,11,4.800000000000001,48.43204266092217,232.4738047724265,0.0161440142203073,12.915211376245914,3,2,300.0
0.0,0,0,0,0.0,0,1,0,0,0.0,0,0,0.0,0,1,1,1,1,1,1,1,1,1,2,3,4,3,0.75,6.339850002884624,4.754887502163468,0.0021132833342948,0.2641604167868593,1,1,100.0
0.0,0,0,0,0.0,0,3,1,1,0.0,0,0,0.0,0,11,12,6,1,24,25,17,10,15,8,14,29,18,8.75,120.92782504182703,1058.1184691159867,0.0403092750139423,58.784359395332594,2,1,28.57142857142857
0.0,0,0,0,0.0,0,1,0,0,0.0,0,0,0.0,0,7,7,1,1,7,7,1,4,9,12,16,25,16,2.6666666666666665,100.0,266.66666666666663,0.0333333333333333,14.814814814814811,1,1,100.0
0.0,0,0,0,0.0,0,2,1,1,0.0,0,0,0.0,0,1,1,1,1,1,1,1,3,10,10,10,20,13,1.5,74.00879436282185,111.01319154423275,0.0246695981209406,6.167399530235154,1,0,100.0
0.0,0,0,0,0.0,0,1,0,0,0.0,0,0,0.0,0,15,15,4,1,15,15,5,6,44,28,56,100,34,6.0,508.746284125034,3052.477704750204,0.1695820947083446,169.58209470834467,1,1,11.11111111111111
1.0,1,304,1,1.0,0,2,1,1,0.0,0,0,0.0416667,1,8,10,3,1,23,26,13,7,12,8,12,24,15,5.25,93.76537429460444,492.2682150466733,0.0312551247648681,27.34823416925963,2,1,66.66666666666666
0.0,0,0,0,0.0,0,1,0,0,0.0,0,0,0.0,0,1,1,1,1,1,1,1,2,2,2,3,5,4,1.5,10.0,15.0,0.0033333333333333,0.8333333333333334,1,1,100.0
0.0,0,0,0,0.0,0,1,0,0,0.0,0,0,0.0,0,4,5,2,0,4,5,2,5,9,8,9,18,13,2.8125,66.60791492653966,187.3347607308928,0.0222026383088465,10.407486707271822,1,0,50.0
0.0,0,0,0,0.0,0,1,0,0,0.0,0,0,0.0,0,4,4,2,0,4,4,2,3,4,6,6,10,9,1.5,31.699250014423125,47.548875021634686,0.0105664166714743,2.6416041678685938,1,0,50.0
1.0,1,87,1,1.0,0,1,0,0,0.0,0,0,0.0,0,3,3,1,1,3,3,1,1,1,2,3,4,3,0.75,6.339850002884624,4.754887502163468,0.0021132833342948,0.2641604167868593,1,1,100.0
0.0,0,0,0,0.0,0,1,0,0,0.0,0,0,0.0,0,23,31,10,2,34,42,21,6,22,17,27,49,23,4.764705882352941,221.65453584679364,1056.1186707994284,0.0738848452822645,58.673259488857134,1,2,9.090909090909092
0.0,0,0,0,0.0,0,7,3,2,0.0,0,0,0.0,0,32,38,17,4,32,38,17,15,77,35,93,170,50,19.928571428571427,959.4555522617032,19120.5785057868,0.3198185174205677,1062.2543614325998,5,4,19.230769230769237
0.0,0,0,0,0.0,0,4,0,0,0.0,0,0,0.0,0,1,1,2,5,1,1,2,1,1,1,1,2,2,0.5,2.0,1.0,0.0006666666666666,0.0555555555555555,1,0,100.0
0.0,0,0,0,0.0,0,1,0,0,0.0,0,0,0.0,0,6,6,2,0,6,6,2,4,13,9,16,29,13,3.555555555555556,107.31275182609168,381.5564509372148,0.0357709172753638,21.19758060762305,1,0,50.0
0.0,0,0,0,0.0,0,1,0,0,0.0,0,0,0.0,0,3,3,1,3,3,3,1,4,5,5,10,15,9,4.0,47.548875021634686,190.19550008653877,0.0158496250072115,10.566416671474377,1,3,100.0
0.0,0,0,0,0.0,0,4,2,2,0.0,0,0,0.0,0,15,15,7,0,15,15,7,13,35,15,37,72,28,16.033333333333335,346.1295543881475,5549.6105220232985,0.1153765181293824,308.31169566796103,4,0,40.0
0.0,0,0,0,0.0,0,6,3,3,0.0526316,1,0,0.0526316,1,18,20,13,2,18,20,13,9,26,14,30,56,23,9.642857142857142,253.31946953919277,2442.723456270787,0.0844398231797309,135.7068586817104,5,2,41.66666666666667
0.0,0,0,0,0.0,0,1,0,0,0.0,0,0,0.0,0,3,3,2,1,3,3,2,3,7,7,8,15,10,1.7142857142857142,49.82892142331044,85.42100815424646,0.0166096404744368,4.745611564124804,1,1,100.0
0.0,0,0,0,0.0,0,1,0,0,0.0,0,0,0.0,0,3,3,1,1,3,3,1,2,5,5,7,12,7,1.4,33.68825906469125,47.16356269056775,0.0112294196882304,2.620197927253764,1,1,100.0
0.0,0,0,0,0.0,0,4,3,3,0.0,0,0,0.0,0,1,1,2,1,1,1,2,3,10,10,10,20,13,1.5,74.00879436282185,111.01319154423275,0.0246695981209406,6.167399530235154,1,0,100.0
0.0,0,0,0,0.0,0,2,1,1,0.0,0,0,0.0,0,8,8,3,2,8,8,3,5,8,8,11,19,13,3.4375,70.30835464468075,241.68496909109007,0.0234361182148935,13.426942727282782,2,2,50.0
0.0,0,0,0,0.0,0,2,1,1,0.166667,2,0,0.133333,2,10,12,4,0,13,15,7,8,13,8,13,26,16,6.5,104.0,676.0,0.0346666666666666,37.55555555555556,2,0,40.0
0.0,0,0,0,0.0,0,1,0,0,0.0,0,0,0.0,0,1,1,2,0,1,1,3,14,1670,656,1756,3426,670,18.73780487804878,32163.347219592437,602670.5244256558,10.721115739864144,33481.695801425325,4,1,3.571428571428571
1.0,1,260,1,1.0,0,3,1,1,0.0,0,0,0.0,0,1,1,2,1,1,1,2,6,6,4,8,14,10,6.0,46.50699332842308,279.04195997053847,0.0155023311094743,15.50233110947436,2,1,100.0
0.0,0,0,0,0.0,0,6,3,3,0.0344828,1,1,0.0344828,1,28,30,17,3,28,30,17,12,52,15,52,104,27,20.8,494.5083002250008,10285.772644680015,0.1648361000750002,571.4318135933343,6,3,31.57894736842105
0.0,0,0,0,0.0,0,1,0,0,0.0,0,0,0.0,0,1,1,2,1,1,1,5,7,15,9,19,34,16,7.388888888888889,136.0,1004.8888888888888,0.0453333333333333,55.827160493827165,3,1,100.0
0.0,0,0,0,0.0,0,1,0,0,0.0,0,0,0.0,0,3,3,1,1,3,3,1,4,4,5,6,10,9,2.4,31.699250014423125,76.07820003461549,0.0105664166714743,4.22656666858975,1,1,50.0
0.0,0,0,0,0.0,0,13,5,4,0.0,0,0,0.0,0,34,39,24,3,34,39,24,16,64,38,81,145,54,17.05263157894737,834.458687813703,14229.716571138935,0.278152895937901,790.5398095077187,11,3,35.483870967741936
1.0,1,13,1,1.0,0,3,2,1,0.428571,6,6,0.428571,6,8,9,6,3,8,9,6,6,17,9,25,42,15,8.333333333333332,164.0894050155578,1367.411708462981,0.0546964683385192,75.96731713683229,3,3,50.0
1.0,1,82,1,1.0,0,1,0,0,0.0,0,0,0.0,0,6,7,4,1,6,7,4,5,14,10,18,32,15,4.5,125.0204990594726,562.5922457676267,0.0416734996864908,31.255124764868143,1,1,25.0
0.0,0,0,0,0.0,0,1,0,0,0.0,0,0,0.0,0,6,7,2,0,8,9,4,3,6,5,8,14,8,2.4000000000000004,42.0,100.8,0.014,5.6000000000000005,1,0,50.0
0.0,0,0,0,0.0,0,2,1,1,0.0,0,0,0.0,0,13,16,8,1,14,17,9,6,36,23,47,83,29,6.130434782608696,403.2124225955885,2471.8674602599126,0.1344041408651961,137.32597001443958,2,1,22.22222222222222
0.0,0,0,0,0.0,0,1,0,0,0.0,0,0,0.0,0,1,1,1,0,1,1,1,3,3,3,4,7,6,2.0,18.09473750504809,36.18947501009619,0.0060315791683493,2.0105263894497885,1,1,100.0
0.0,0,0,0,0.0,0,2,1,1,0.0,0,0,0.0,0,1,1,1,4,1,1,1,3,10,10,10,20,13,1.5,74.00879436282185,111.01319154423275,0.0246695981209406,6.167399530235154,1,0,100.0
0.0,0,0,0,0.0,0,3,1,1,0.0,0,0,0.0,0,5,6,2,2,5,6,2,7,11,8,13,24,15,5.6875,93.76537429460444,533.2905663005628,0.0312551247648681,29.6272536833646,2,2,100.0
0.0,0,0,0,0.0,0,1,0,0,0.0,0,0,0.0,0,1,1,1,2,1,1,1,1,1,1,1,2,2,0.5,2.0,1.0,0.0006666666666666,0.0555555555555555,1,0,100.0
0.0,0,0,0,0.0,0,3,1,1,0.0,0,0,0.0,0,6,6,3,1,6,6,3,5,6,5,9,15,10,4.5,49.82892142331044,224.23014640489697,0.0166096404744368,12.45723035582761,2,1,66.66666666666666
0.0,0,0,0,0.0,0,3,1,1,0.409091,9,7,0.321429,9,13,23,9,2,19,34,12,10,24,17,30,54,27,8.823529411764707,256.7639251168273,2265.564045148477,0.0855879750389424,125.86466917491538,3,2,37.5
0.0,0,0,0,0.0,0,3,1,1,0.142857,2,0,0.142857,2,12,15,9,2,12,15,9,6,20,11,27,47,17,7.363636363636363,192.110753538766,1414.6337306036403,0.0640369178462553,78.59076281131335,3,2,33.33333333333333
0.0,0,0,0,0.0,0,4,1,1,0.0,0,0,0.0,0,4,4,2,1,4,4,2,6,13,8,15,28,14,5.625,106.6059378176129,599.6584002240726,0.0355353126058709,33.31435556800403,4,1,200.0
0.0,0,0,0,0.0,0,3,1,1,0.0,0,0,0.0,0,1,1,2,0,1,1,2,3,3,3,4,7,6,2.0,18.09473750504809,36.18947501009619,0.0060315791683493,2.0105263894497885,1,1,100.0
0.0,0,0,0,0.0,0,15,2,2,0.0,0,0,0.0,0,1,1,2,0,1,1,10,14,1670,656,1756,3426,670,18.73780487804878,32163.347219592437,602670.5244256558,10.721115739864144,33481.695801425325,4,1,3.571428571428571
0.0,0,0,0,0.0,0,1,0,0,0.0,0,0,0.0,0,4,4,2,1,9,9,3,2,2,2,2,4,4,1.0,8.0,8.0,0.0026666666666666,0.4444444444444444,1,1,100.0
0.0,0,0,0,0.0,0,2,1,1,0.0,0,0,0.0,0,1,1,1,3,1,1,1,3,10,10,10,20,13,1.5,74.00879436282185,111.01319154423275,0.0246695981209406,6.167399530235154,1,0,100.0
0.0,0,0,0,0.0,0,3,1,1,0.0,0,0,0.0,0,5,5,3,1,5,5,3,8,22,16,26,48,24,6.5,220.07820003461552,1430.5083002250008,0.0733594000115385,79.47268334583337,2,1,28.57142857142857
0.0,0,0,0,0.0,0,2,1,1,0.0,0,0,0.0,0,1,1,1,1,1,1,3,19,175,91,247,422,110,25.78571428571429,2861.7337991074064,73791.85010555528,0.9539112663691356,4099.547228086404,8,0,25.0
0.0,0,0,0,0.0,0,1,0,0,0.111111,1,0,0.05,2,8,12,4,1,38,45,28,5,15,14,22,37,19,3.928571428571429,157.17331799741265,617.4666064184069,0.0523911059991375,34.30370035657816,1,1,20.0
0.0,0,0,0,0.0,0,1,0,0,0.0,0,0,0.0,0,5,5,4,0,5,5,4,2,5,6,9,14,8,1.5,42.0,63.0,0.014,3.5,1,0,33.33333333333333
1.0,17,358,20,1.0,0,3,1,1,0.398907,73,0,0.160521,222,110,204,28,3,1161,1664,682,13,178,122,230,408,135,12.25409836065574,2887.340763596739,35381.75771784529,0.9624469211989132,1965.6532065469607,2,3,2.2988505747126435
0.0,0,0,0,0.0,0,4,1,1,0.380952,8,8,0.275862,8,13,15,8,2,21,23,12,12,26,14,25,51,26,10.714285714285715,239.7224256251957,2568.454560269954,0.0799074752083985,142.69192001499744,4,2,57.14285714285714
1.0,1,17,1,1.0,0,1,0,0,0.0,0,0,0.0,0,7,9,3,1,11,13,6,6,18,11,19,37,17,5.181818181818182,151.23612512626258,783.678102926997,0.0504120417087541,43.537672384833165,1,1,33.33333333333333
0.0,0,0,0,0.0,0,2,1,1,0.0,0,0,0.0,0,9,11,6,2,9,11,6,7,21,11,27,48,18,8.590909090909092,200.15640006923095,1719.5254369583936,0.066718800023077,95.52919094213296,2,2,33.33333333333333
0.0,0,0,0,0.0,0,9,3,3,0.0,0,0,0.0,0,1,1,4,1,1,1,4,19,175,91,247,422,110,25.78571428571429,2861.7337991074064,73791.85010555528,0.9539112663691356,4099.547228086404,8,0,25.0
0.0,0,0,0,0.0,0,2,1,1,0.142857,1,0,0.142857,1,6,6,3,1,6,6,3,4,12,13,19,31,17,2.923076923076923,126.71134807876054,370.3870174609923,0.0422371160262535,20.577056525610683,2,1,66.66666666666666
0.0,0,0,0,0.0,0,9,4,4,0.185185,5,0,0.185185,5,22,25,14,3,22,25,14,9,36,13,36,72,22,12.461538461538462,321.0790765418854,4001.139261521957,0.1070263588472951,222.2855145289976,5,3,31.25
0.0,0,0,0,0.0,0,2,0,0,0.0,0,0,0.0714286,1,5,7,2,3,13,18,6,4,5,7,10,15,11,2.857142857142857,51.89147427955947,148.26135508445563,0.0172971580931864,8.236741949136423,2,3,100.0
1.0,2,2,2,1.0,0,1,0,0,0.0,0,0,0.0,0,3,3,1,1,3,3,1,3,3,3,4,7,6,2.0,18.09473750504809,36.18947501009619,0.0060315791683493,2.0105263894497885,1,1,100.0
0.0,0,0,0,0.0,0,10,2,2,0.0,0,0,0.0,0,1,1,4,0,1,1,4,10,255,219,318,573,229,7.260273972602739,4491.863770579549,32612.1616220159,1.4972879235265164,1811.786756778661,1,0,0.5076142131979695
0.0,0,0,0,0.0,0,1,0,0,0.0,0,0,0.0,0,6,6,2,0,6,6,3,6,18,16,18,36,22,3.375,160.5395382709427,541.8209416644316,0.0535131794236475,30.10116342580176,1,0,50.0
0.0,0,0,0,0.0,0,8,2,1,0.679245,36,32,0.642857,36,17,23,10,2,20,27,14,17,34,21,37,71,38,14.976190476190476,372.60285345449455,5580.171305306597,0.1242009511514981,310.00951696147763,6,2,54.54545454545454
0.0,0,0,0,0.0,0,1,0,0,0.0,0,0,0.0,0,4,4,1,0,9,9,4,3,5,5,6,11,8,1.7999999999999998,33.0,59.39999999999999,0.011,3.2999999999999994,1,0,50.0
1.0,3,9,3,1.0,0,2,1,1,0.384615,5,5,0.384615,5,8,10,6,0,8,10,6,8,11,8,13,24,16,6.5,96.0,624.0,0.032,34.666666666666664,2,0,40.0
0.0,0,0,0,0.0,0,2,1,1,0.0,0,0,0.0,0,7,7,3,1,7,7,3,5,8,5,8,16,10,4.0,53.1508495181978,212.6033980727912,0.0177169498393992,11.811299892932844,2,1,50.0
0.0,0,0,0,0.0,0,2,0,0,0.0,0,0,0.0,0,3,3,1,1,3,3,1,4,4,3,5,9,7,3.333333333333333,25.26619429851844,84.22064766172814,0.0084220647661728,4.678924870096008,1,1,100.0
0.0,0,0,0,0.0,0,1,0,0,0.0,0,0,0.0,0,5,6,2,0,9,10,5,7,13,10,12,25,17,4.2,102.1865710312585,429.1835983312857,0.0340621903437528,23.843533240626986,1,0,50.0
0.0,0,0,0,0.0,0,2,1,1,0.0,0,0,0.0,0,1,1,2,2,1,1,2,3,10,10,10,20,13,1.5,74.00879436282185,111.01319154423275,0.0246695981209406,6.167399530235154,1,0,100.0
0.0,0,0,0,0.0,0,9,7,2,0.0,0,0,0.0,0,18,22,23,4,18,22,23,13,54,27,77,131,40,18.537037037037035,697.1725804302445,12923.513944642122,0.2323908601434148,717.9729969245623,9,4,30.0
0.265306,1,2,1,0.333333,0,7,2,2,0.0,0,0,0.0,0,29,36,17,2,29,36,17,14,62,46,78,140,60,11.869565217391305,826.9646833851926,9815.711241919897,0.2756548944617308,545.317291217772,7,2,24.13793103448276
1.0,1,78,1,1.0,0,4,3,3,0.111111,2,0,0.111111,2,16,22,5,0,16,22,5,8,19,10,19,38,18,7.6,158.45715005480787,1204.2743404165396,0.0528190500182692,66.9041300231411,3,0,33.33333333333333
0.0,0,0,0,0.0,0,1,0,0,0.166667,1,0,0.166667,1,5,6,3,0,5,6,3,5,9,8,10,19,13,3.125,70.30835464468075,219.7136082646273,0.0234361182148935,12.206311570257077,1,0,33.33333333333333
0.0,0,0,0,0.0,0,1,0,0,0.0,0,0,0.0,0,1,1,1,1,1,1,1,2,3,4,5,8,6,1.25,20.67970000576925,25.84962500721156,0.0068932333352564,1.43609027817842,1,1,100.0
0.0,0,0,0,0.0,0,4,1,1,0.0,0,0,0.0277778,1,11,16,9,2,35,45,21,9,23,14,23,46,23,7.392857142857142,208.0838499786226,1538.334176627674,0.0693612833262075,85.46300981264855,4,2,40.0
0.0,0,0,0,0.0,0,1,0,0,0.0,0,0,0.0,0,3,3,1,1,3,3,1,1,1,2,2,3,3,0.5,4.754887502163468,2.377443751081734,0.0015849625007211,0.1320802083934296,1,1,100.0
0.0,0,0,0,0.0,0,1,0,0,0.0,0,0,0.0,0,10,11,8,0,10,11,8,4,45,17,52,97,21,6.117647058823529,426.0547900095398,2606.4528329995373,0.1420182633365132,144.80293516664096,1,0,12.5
1.0,1,82,1,1.0,0,2,1,1,0.0,0,0,0.0,0,6,6,3,0,6,6,3,3,13,10,14,27,13,2.1,99.91187238980947,209.8149320185999,0.0333039574632698,11.65638511214444,2,0,66.66666666666666
0.0,0,0,0,0.0,0,23,8,5,0.241379,21,12,0.180451,24,66,93,50,2,109,149,85,23,150,47,183,333,70,44.77659574468085,2041.0512446426744,91391.32647554272,0.6803504148808914,5077.295915307929,22,2,35.483870967741936
0.0,0,0,0,0.0,0,2,1,1,0.0,0,0,0.0,0,5,5,2,1,5,5,2,4,6,6,7,13,10,2.333333333333333,43.18506523353572,100.76515221158334,0.0143950217445119,5.59806401175463,2,1,100.0
1.0,1,228,1,1.0,0,1,0,0,0.0,0,0,0.0,0,3,3,1,0,3,3,1,2,4,3,4,8,5,1.3333333333333333,18.575424759098897,24.76723301213186,0.0061918082530329,1.3759573895628812,1,0,100.0
0.0,0,0,0,0.0,0,3,2,2,0.0,0,0,0.0,0,14,17,9,3,14,17,9,13,26,14,39,65,27,18.107142857142858,309.0676876406255,5596.332772635612,0.1030225625468751,310.907376257534,3,3,25.0
0.0,0,0,0,0.0,0,2,0,0,0.0,0,0,0.0,0,1,1,3,0,1,1,3,14,1670,656,1756,3426,670,18.73780487804878,32163.347219592437,602670.5244256558,10.721115739864144,33481.695801425325,4,1,3.571428571428571
0.0,0,0,0,0.0,0,1,0,0,0.0,0,0,0.0,0,4,4,2,2,4,4,2,2,4,9,9,13,11,1.0,44.97261104228487,44.97261104228487,0.0149908703474282,2.498478391238048,1,2,50.0
0.0,0,0,0,0.0,0,1,0,0,0.0,0,0,0.0,0,3,3,1,2,3,3,1,2,5,6,8,13,8,1.3333333333333333,39.0,52.0,0.013,2.888888888888889,1,2,100.0
1.0,1,17,1,1.0,0,2,1,1,0.0,0,0,0.0,0,5,5,2,1,5,5,2,5,9,8,10,19,13,3.125,70.30835464468075,219.7136082646273,0.0234361182148935,12.206311570257077,2,1,100.0
0.0,0,0,0,0.0,0,1,0,0,0.0,0,0,0.0,0,4,4,2,3,4,4,2,3,3,6,10,13,9,2.5,41.20902501875006,103.02256254687516,0.0137363416729166,5.723475697048619,1,3,50.0
0.0,0,0,0,0.0,0,5,1,1,0.0,0,0,0.0,0,12,13,7,2,12,13,7,7,22,13,23,45,20,6.192307692307692,194.4867642699313,1204.3218864407283,0.0648289214233104,66.90677146892935,4,2,57.14285714285714
0.0,0,0,0,0.0,0,8,4,3,0.166667,4,0,0.166667,4,20,25,9,1,20,25,12,12,66,23,63,129,35,16.434782608695652,661.6775091859007,10874.526020533498,0.2205591697286335,604.1403344740833,7,1,58.333333333333336
0.0,0,0,0,0.0,0,3,1,1,0.0,0,0,0.0214286,3,23,32,11,0,137,151,87,7,25,17,33,58,24,6.794117647058823,265.9278250418271,1806.7449289606488,0.0886426083472756,100.3747182755916,2,0,18.181818181818183
0.0,0,0,0,0.0,0,1,0,0,0.0,0,0,0.0,0,5,5,3,1,5,5,3,4,6,5,9,15,9,3.6,47.548875021634686,171.17595007788486,0.0158496250072115,9.509775004326936,1,1,33.33333333333333
0.0,0,0,0,0.0,0,2,1,1,0.0,0,0,0.0,0,4,4,3,0,4,4,3,5,9,7,8,17,12,2.8571428571428568,60.94436251225966,174.12675003502758,0.0203147875040865,9.67370833527931,2,0,66.66666666666666
0.239264,1,2,1,0.285714,0,8,3,2,0.0,0,0,0.0,0,34,42,21,2,34,42,21,16,67,38,83,150,54,17.473684210526315,863.2331253245204,15083.863031986357,0.2877443751081734,837.9923906659087,7,2,21.875
0.260417,6,28,6,0.255102,0,3,1,1,0.09375,6,0,0.0791667,19,58,78,31,3,221,294,139,14,116,64,149,265,78,16.296875,1665.631587998496,27144.58978566299,0.555210529332832,1508.032765870166,3,3,6.521739130434782
0.0,0,0,0,0.0,0,1,0,0,0.0,0,0,0.0,0,1,1,1,0,1,1,2,1,1,1,1,2,2,0.5,2.0,1.0,0.0006666666666666,0.0555555555555555,1,0,100.0
0.0,0,0,0,0.0,0,1,0,0,0.0,0,0,0.0,0,5,6,2,0,5,6,2,5,12,9,14,26,14,3.888888888888889,98.9912279734977,384.96588656360217,0.0329970759911659,21.3869936979779,1,0,33.33333333333333
0.0,0,0,0,0.0,0,13,4,4,0.289855,20,4,0.289855,20,49,83,33,0,49,83,33,21,138,62,154,292,83,26.080645161290324,1861.5115139533025,48549.42125907242,0.6205038379844341,2697.190069948468,9,0,23.684210526315788
1.0,1,5,1,1.0,0,4,1,1,0.105263,2,0,0.105263,2,17,21,10,2,17,21,11,11,58,39,76,134,50,10.717948717948715,756.276729429813,8105.735202606714,0.252092243143271,450.31862236703967,4,2,26.666666666666668
0.0,0,0,0,0.0,0,1,0,0,0.0,0,0,0.0,0,3,3,1,1,3,3,1,4,10,8,12,22,12,3.0,78.86917501586544,236.6075250475963,0.0262897250052884,13.14486250264424,1,1,100.0
0.0,0,0,0,0.0,0,4,0,0,0.0,0,0,0.0,0,1,1,2,2,1,1,2,3,3,3,4,7,6,2.0,18.09473750504809,36.18947501009619,0.0060315791683493,2.0105263894497885,1,1,100.0
0.0,0,0,0,0.0,0,2,1,1,0.0,0,0,0.0,0,11,11,6,2,12,12,7,11,19,11,22,41,22,11.0,182.8366963641292,2011.203660005421,0.0609455654547097,111.73353666696784,2,2,25.0
0.0,0,0,0,0.0,0,3,2,2,0.0,0,0,0.0,0,9,9,7,1,9,9,7,10,18,9,21,39,19,11.666666666666668,165.66917302429982,1932.807018616832,0.0552230576747666,107.37816770093508,3,1,50.0
0.0,0,0,0,0.0,0,7,4,3,0.0,0,0,0.0,0,22,22,15,1,22,22,15,12,45,21,58,103,33,16.57142857142857,519.5725942939207,8610.060134013542,0.1731908647646402,478.3366741118634,7,1,36.84210526315789
0.0,0,0,0,0.0,0,3,1,1,0.0,0,0,0.0,0,4,4,3,1,4,4,3,7,11,8,11,22,15,4.8125,85.95159310338741,413.6420418100519,0.0286505310344624,22.980113433891773,3,1,100.0
0.0,0,0,0,0.0,0,1,0,0,0.714286,40,0,0.211499,206,16,62,6,1,768,1099,488,6,19,26,32,51,32,3.692307692307693,255.0,941.5384615384615,0.085,52.30769230769231,1,1,11.11111111111111
0.0,0,0,0,0.0,0,2,2,2,0.2,3,1,0.2,4,12,14,7,0,16,19,12,8,9,10,10,19,18,4.0,79.22857502740393,316.91430010961574,0.0264095250091346,17.606350006089762,2,0,40.0
0.0,0,0,0,0.0,0,1,0,0,0.0,0,0,0.0,0,1,1,1,1,1,1,1,7,19,12,22,41,19,6.416666666666666,174.165028051187,1117.5589299951164,0.0580550093503956,62.08660722195091,3,1,100.0
0.0,0,0,0,0.0,0,4,1,1,0.3,3,0,0.3,3,7,10,6,0,7,10,6,8,23,16,24,47,24,6.0,215.4932375338944,1292.9594252033662,0.0718310791779648,71.8310791779648,3,0,42.85714285714285
0.0,0,0,0,0.0,0,14,5,3,0.0,0,0,0.0,0,33,33,17,0,33,33,18,20,82,25,82,164,45,32.8,900.6639077980667,29541.776175776584,0.3002213025993556,1641.2097875431436,8,0,32.0
0.0,0,0,0,0.0,0,6,1,1,0.0,0,0,0.0,0,1,1,1,3,1,1,3,1,1,1,1,2,2,0.5,2.0,1.0,0.0006666666666666,0.0555555555555555,1,0,100.0
1.0,1,228,1,1.0,0,1,0,0,0.142857,1,0,0.142857,1,6,7,4,0,6,7,4,2,11,11,13,24,13,1.181818181818182,88.81055323538621,104.95792655091098,0.0296035177451287,5.830995919495055,1,0,25.0
0.0,0,0,0,0.0,0,1,0,0,0.0,0,0,0.0,0,3,3,1,1,3,3,1,3,3,3,4,7,6,2.0,18.09473750504809,36.18947501009619,0.0060315791683493,2.0105263894497885,1,1,100.0
0.0,0,0,0,1.0,0,5,0,0,0.0,0,0,0.0,0,1,1,2,0,1,1,2,9,50,20,57,107,29,12.825,519.8039664786503,6666.485870088691,0.1732679888262167,370.3603261160384,3,3,42.85714285714285
0.0,0,0,0,0.0,0,4,1,1,0.0666667,1,0,0.27451,14,14,19,7,5,37,60,20,13,20,20,27,47,33,8.775,237.0865236098473,2080.4342446764103,0.0790288412032824,115.57968025980055,3,5,37.5
0.0,0,0,0,0.0,0,2,1,1,0.0,0,0,0.05,1,6,7,2,0,19,24,11,5,5,3,3,8,8,2.5,24.0,60.0,0.008,3.333333333333333,2,0,66.66666666666666
0.0,0,0,0,0.0,0,3,2,2,0.0,0,0,0.0,0,1,1,5,0,1,1,5,0,0,3,3,3,3,0.0,4.754887502163468,0.0,0.0015849625007211,0.0,1,3,0.0
0.0,0,0,0,0.0,0,2,1,1,0.0,0,0,0.0,0,1,1,3,2,1,1,3,1,1,1,1,2,2,0.5,2.0,1.0,0.0006666666666666,0.0555555555555555,1,0,100.0
0.0,0,0,0,0.0,0,1,0,0,0.0,0,0,0.0,0,1,1,2,1,1,1,11,7,19,12,22,41,19,6.416666666666666,174.165028051187,1117.5589299951164,0.0580550093503956,62.08660722195091,3,1,100.0
0.0,0,0,0,0.0,0,5,2,2,0.517241,15,9,0.517241,15,14,20,12,3,14,20,12,13,29,13,32,61,26,16.0,286.72682280660666,4587.629164905707,0.0955756076022022,254.86828693920592,4,3,40.0
0.0,0,0,0,0.0,0,1,0,0,0.0,0,0,0.0,0,3,3,1,1,3,3,1,3,5,5,8,13,8,2.4000000000000004,39.0,93.6,0.013,5.2,1,1,100.0
1.0,1,1,1,1.0,0,1,0,0,0.0,0,0,0.0,0,3,3,1,1,3,3,1,2,2,3,4,6,5,1.3333333333333333,13.931568569324174,18.575424759098897,0.0046438561897747,1.0319680421721609,1,1,100.0
0.258427,1,2,1,0.222222,0,11,2,2,0.0,0,0,0.0,0,36,42,15,0,39,45,18,14,38,28,36,74,42,9.0,399.0314892856283,3591.283403570654,0.1330104964285427,199.51574464281416,11,0,39.285714285714285
0.0,0,0,0,0.0,0,4,1,1,0.0,0,0,0.0,0,11,14,8,2,11,14,8,8,19,11,22,41,19,8.0,174.165028051187,1393.320224409496,0.0580550093503956,77.40667913386089,4,2,57.14285714285714
0.0,0,0,0,0.0,0,2,1,1,0.0,0,0,0.0,0,4,4,3,0,4,4,3,4,11,6,12,23,10,4.0,76.40434618240934,305.61738472963737,0.0254681153941364,16.978743596090965,2,0,50.0
0.0,0,0,0,0.0,0,3,1,1,0.0,0,0,0.0,0,1,1,2,1,1,1,2,4,4,4,5,9,8,2.5,27.0,67.5,0.009,3.75,1,1,100.0
0.0,0,0,0,0.0,0,1,0,0,0.0,0,0,0.0,0,3,3,1,0,3,3,1,2,3,4,4,7,6,1.0,18.09473750504809,18.09473750504809,0.0060315791683493,1.0052631947248942,1,0,100.0
0.0,0,0,0,0.0,0,6,1,1,0.0,0,0,0.0,0,24,29,13,3,24,29,13,12,45,27,52,97,39,11.555555555555555,512.6840152296381,5924.348620431374,0.1708946717432127,329.13047891285413,5,3,27.77777777777778
0.0,0,0,0,0.0,0,1,0,0,0.0,0,0,0.0,0,1,1,2,2,1,1,3,14,1670,656,1756,3426,670,18.73780487804878,32163.347219592437,602670.5244256558,10.721115739864144,33481.695801425325,4,1,3.571428571428571
0.0,0,0,0,0.0,0,12,2,2,0.0612245,3,0,0.104478,7,46,54,23,2,60,72,33,19,82,44,99,181,63,21.375,1081.887666153485,23125.348864030744,0.3606292220511616,1284.7416035572635,10,2,28.57142857142857
0.0,0,0,0,0.0,0,1,0,0,0.0,0,0,0.0,0,3,3,1,1,3,3,1,3,10,6,10,20,9,2.5,63.39850002884625,158.49625007211563,0.0211328333429487,8.805347226228646,1,1,100.0
0.0,0,0,0,0.0,0,2,0,0,0.0,0,0,0.0,0,1,1,1,1,1,1,3,17,51,36,57,108,53,13.458333333333332,618.6154090928255,8325.53238070761,0.2062051363642751,462.5295767059783,9,1,39.130434782608695
0.0,0,0,0,0.0,0,2,1,1,0.0769231,1,0,0.0588235,1,12,15,8,1,16,20,12,9,30,22,37,67,31,7.568181818181818,331.9311527959207,2512.1153154782182,0.1106437175986402,139.56196197101212,2,1,25.0
0.0,0,0,0,0.0,0,12,1,1,0.2,5,0,0.2,5,20,30,11,7,20,30,11,10,42,21,49,91,31,11.666666666666668,450.8318642452057,5259.7050828607335,0.1502772880817352,292.20583793670744,7,7,63.63636363636363
1.0,2,81,2,1.0,0,3,1,1,0.0,0,0,0.0,0,1,1,2,1,1,1,2,6,6,4,8,14,10,6.0,46.50699332842308,279.04195997053847,0.0155023311094743,15.50233110947436,2,1,100.0
0.0,0,0,0,0.0,0,1,0,0,0.0,0,0,0.0,0,1,1,3,3,1,1,145,5,7,6,7,14,11,2.916666666666667,48.43204266092217,141.26012442768968,0.0161440142203073,7.847784690427204,1,0,100.0
0.0,0,0,0,0.0,0,2,1,1,0.0,0,0,0.0,0,8,10,5,2,8,10,5,9,14,7,17,31,16,10.928571428571429,124.0,1355.1428571428569,0.0413333333333333,75.28571428571428,2,2,40.0
0.0,0,0,0,0.0,0,48,5,4,0.356322,31,3,0.356322,31,56,106,55,1,56,106,55,21,158,78,144,302,99,19.384615384615387,2002.065699264042,38809.27355496451,0.667355233088014,2156.070753053584,41,1,51.89873417721519
0.0,0,0,0,0.0,0,1,0,0,0.0,0,0,0.0,0,8,14,6,1,8,14,6,5,19,12,18,37,17,3.75,151.23612512626258,567.1354692234846,0.0504120417087541,31.50752606797137,1,1,16.666666666666664
0.0,0,0,0,0.0,0,2,0,0,0.25,1,0,0.25,1,3,4,1,1,3,4,1,2,2,2,3,5,4,1.5,10.0,15.0,0.0033333333333333,0.8333333333333334,2,1,200.0
0.0,0,0,0,0.0,0,3,1,1,0.0909091,1,0,0.0909091,1,10,15,5,1,10,15,5,8,14,6,14,28,14,9.333333333333334,106.6059378176129,994.9887529643872,0.0355353126058709,55.27715294246595,2,1,33.33333333333333
0.0,0,0,0,0.0,0,2,1,1,0.0909091,1,0,0.0833333,1,10,13,6,3,11,14,7,8,15,12,21,36,20,7.0,155.58941141594505,1089.1258799116154,0.0518631371386483,60.50699332842308,2,3,33.33333333333333
0.0,0,0,0,0.0,0,3,2,2,0.0,0,0,0.0,0,12,15,8,2,12,15,8,9,21,13,27,48,22,9.346153846153848,214.05271769459029,2000.5696307609785,0.0713509058981967,111.1427572644988,3,2,37.5
0.0,0,0,0,0.0,0,8,4,4,0.366667,11,7,0.366667,11,19,29,13,1,19,29,13,13,34,20,38,72,33,12.35,363.1963765938086,4485.475250933537,0.1210654588646028,249.1930694963076,7,1,50.0
0.0,0,0,0,0.0,0,2,1,1,0.0,0,0,0.0,0,1,1,1,1,1,1,2,19,175,91,247,422,110,25.78571428571429,2861.7337991074064,73791.85010555528,0.9539112663691356,4099.547228086404,8,0,25.0
1.0,1,13,1,1.0,0,3,2,1,0.375,6,6,0.352941,6,10,10,7,3,11,11,8,7,22,10,30,52,17,10.5,212.54806774501768,2231.7547113226856,0.0708493559150059,123.98637285126031,3,3,42.85714285714285
0.0,0,0,0,0.0,0,1,0,0,0.0,0,0,0.0,0,4,4,2,0,4,4,2,3,4,7,7,11,10,1.5,36.541209043760986,54.81181356564148,0.0121804030145869,3.0451007536467487,1,0,50.0
0.0,0,0,0,0.0,0,34,3,3,0.173611,25,0,0.172414,25,119,177,73,5,120,178,74,22,255,102,288,543,124,31.058823529411768,3776.1285965400734,117282.11170430348,1.2587095321800246,6515.672872461304,26,5,33.33333333333333
0.0,0,0,0,1.0,0,1,0,0,0.0,0,0,0.0,0,1,1,2,4,1,1,3,6,10,10,13,23,16,3.9,92.0,358.8,0.0306666666666666,19.933333333333334,2,1,200.0
0.0,0,0,0,0.0,0,4,2,2,0.0,0,0,0.0,0,7,7,7,2,7,7,7,10,16,9,19,35,19,10.555555555555555,148.67746297052548,1569.3732202444355,0.0495591543235084,87.18740112469087,3,2,60.0
1.0,1,13,1,1.0,0,1,0,0,0.0,0,0,0.102041,5,4,4,1,3,44,55,31,2,2,4,4,6,6,1.0,15.509775004326936,15.509775004326936,0.0051699250014423,0.861654166907052,1,3,100.0
0.0,0,0,0,0.0,0,2,1,1,0.0,0,0,0.0,0,3,3,1,1,3,3,1,4,5,3,6,11,7,4.0,30.880904142633646,123.5236165705346,0.0102936347142112,6.862423142807477,2,1,200.0
0.0,0,0,0,0.0,0,2,1,1,0.0,0,0,0.0,0,7,7,3,0,7,7,3,2,7,9,10,17,11,1.1111111111111112,58.81033751683406,65.34481946314897,0.0196034458389446,3.63026774795272,1,0,50.0
0.0,0,0,0,0.0,0,10,3,2,0.0909091,2,0,0.0909091,2,20,24,13,0,20,24,13,18,68,30,68,136,48,20.4,759.5549000980773,15494.919962000777,0.2531849666993591,860.8288867778208,7,0,38.88888888888889
0.0925054,22,219,48,0.0642761,0,6,2,1,0.0210238,23,0,0.0576497,442,1071,1244,487,1,7225,8199,4923,15,1674,642,1756,3430,657,20.514018691588785,32103.94099190559,658580.8455816146,10.70131366396853,36587.824754534144,4,1,0.676818950930626
0.0,0,0,0,0.0,0,1,0,0,0.0,0,0,0.0,0,4,4,2,0,4,4,2,2,2,4,4,6,6,1.0,15.509775004326936,15.509775004326936,0.0051699250014423,0.861654166907052,1,0,50.0
0.0,0,0,0,0.0,0,1,0,0,0.2,1,0,0.166667,1,4,5,1,2,5,6,2,3,4,6,6,10,9,1.5,31.699250014423125,47.548875021634686,0.0105664166714743,2.6416041678685938,1,2,100.0
0.0,0,0,0,0.0,0,2,1,1,0.0,0,0,0.0,0,1,1,1,0,1,1,1,14,1670,656,1756,3426,670,18.73780487804878,32163.347219592437,602670.5244256558,10.721115739864144,33481.695801425325,4,1,3.571428571428571
0.0,0,0,0,0.0,0,1,0,0,0.0,0,0,0.0,0,26,37,11,0,55,67,32,7,43,17,45,88,24,9.26470588235294,403.4767000634618,3738.0929564703074,0.1344922333544872,207.67183091501707,1,0,7.142857142857142
0.0,0,0,0,0.0,0,5,2,2,0.08,2,0,0.0625,2,23,29,12,0,30,36,17,12,42,34,55,97,46,9.705882352941178,535.7855097375302,5200.271123923088,0.17859516991251,288.9039513290604,5,0,41.66666666666667
0.0,0,0,0,0.0,0,8,3,3,0.0,0,0,0.0,0,1,1,16,1,1,1,31,17,51,36,57,108,53,13.458333333333332,618.6154090928255,8325.53238070761,0.2062051363642751,462.5295767059783,9,1,39.130434782608695
1.0,1,34,1,1.0,0,3,2,2,0.0,0,0,0.0,0,12,12,7,1,12,12,7,6,29,16,33,62,22,6.1875,276.48476035551244,1710.7494546997332,0.0921615867851708,95.0416363722074,3,1,37.5
0.0,0,0,0,0.0,0,2,1,1,0.0,0,0,0.0,0,15,17,5,1,15,17,5,9,20,17,29,49,26,7.676470588235293,230.32154618891357,1768.0565751560714,0.0767738487296378,98.2253652864484,2,1,22.22222222222222
0.0,0,0,0,0.0,0,4,2,2,0.0,0,0,0.0,0,1,1,2,1,1,1,2,7,15,9,19,34,16,7.388888888888889,136.0,1004.8888888888888,0.0453333333333333,55.827160493827165,3,1,100.0
0.0,0,0,0,0.0,0,4,1,1,0.0769231,1,0,0.0769231,1,12,15,5,2,12,15,5,8,29,17,36,65,25,8.470588235294118,301.8506523353571,2556.852584487731,0.1006168841117857,142.04736580487395,3,2,50.0
0.0,0,0,0,0.0,0,3,1,1,0.0,0,0,0.0,0,5,5,4,2,5,5,4,9,12,6,13,25,15,9.75,97.67226489021296,952.3045826795764,0.0325574216300709,52.90581014886536,3,2,75.0
0.0,0,0,0,0.0,0,2,1,1,0.0,0,0,0.0,0,9,11,5,0,9,11,5,7,14,9,14,28,16,5.444444444444445,112.0,609.7777777777778,0.0373333333333333,33.876543209876544,2,0,33.33333333333333
0.0,0,0,0,0.0,0,1,0,0,0.0,0,0,0.0,0,5,5,3,1,5,5,3,4,7,6,10,17,10,3.333333333333333,56.47277761308517,188.2425920436172,0.0188242592043617,10.457921780200955,1,1,33.33333333333333
0.0,0,0,0,0.0,0,4,3,3,0.0625,1,0,0.0625,1,15,19,12,0,15,19,12,12,37,18,47,84,30,15.666666666666668,412.1788100311156,6457.468023820811,0.1373929366770385,358.74822354560064,4,0,30.76923076923077
0.0,0,0,0,0.0,0,7,1,1,0.0,0,0,0.0,0,1,1,2,7,1,1,3,7,15,9,19,34,16,7.388888888888889,136.0,1004.8888888888888,0.0453333333333333,55.827160493827165,3,1,100.0
0.0,0,0,0,0.0,0,2,0,0,0.0,0,0,0.0,0,4,4,2,2,4,4,2,6,13,12,22,35,18,5.5,145.94737505048093,802.7105627776451,0.0486491250168269,44.59503126542473,2,2,28.57142857142857
0.0,0,0,0,0.0,0,7,2,2,0.0416667,1,0,0.0416667,1,23,27,9,7,23,27,10,13,53,33,69,122,46,13.59090909090909,673.8745586389556,9158.567865138531,0.2246248528796518,508.80932584102953,5,7,27.77777777777778
0.0,0,0,0,0.0,0,2,0,0,0.0909091,1,0,0.0714286,1,10,12,2,0,13,15,6,7,21,13,20,41,20,5.384615384615385,177.19905189038187,954.1487409482102,0.0590663506301272,53.00826338601168,2,0,66.66666666666666
0.0,0,0,0,0.0,0,1,0,0,0.0,0,0,0.0,0,3,3,2,1,3,3,2,4,4,4,5,9,8,2.5,27.0,67.5,0.009,3.75,1,1,100.0
0.0,0,0,0,0.0,0,5,3,3,0.0,0,0,0.0,0,9,9,4,0,9,9,4,10,25,16,27,52,26,8.4375,244.4228653433368,2062.3179263344045,0.0814742884477789,114.57321812968914,5,0,71.42857142857143
0.0,0,0,0,0.0,0,7,2,2,0.0,0,0,0.0,0,9,9,5,0,9,9,5,10,18,8,18,36,18,11.25,150.11730005192322,1688.8196255841362,0.0500391000173077,93.823312532452,6,0,120.0
0.0,0,0,0,0.0,0,1,0,0,0.0,0,0,0.0,0,5,5,3,3,5,5,3,3,4,7,9,13,10,1.9285714285714288,43.18506523353572,83.28548295039032,0.0143950217445119,4.626971275021685,1,3,33.33333333333333
0.0,0,0,0,0.0,0,3,1,1,0.0,0,0,0.00862069,1,18,25,10,2,115,125,83,7,37,14,41,78,21,10.25,342.6007589767433,3511.6577795116195,0.1142002529922477,195.09209886175665,3,2,30.0
1.0,1,87,1,1.0,0,4,2,2,0.0,0,0,0.0,0,14,19,9,1,14,19,9,7,19,10,19,38,17,6.65,155.3235879675129,1032.9018599839608,0.0517745293225043,57.3834366657756,4,1,44.44444444444444
0.0,0,0,0,0.0,0,2,0,0,0.0,0,0,0.0,0,1,1,1,1,1,1,1,5,7,4,6,13,9,3.75,41.20902501875006,154.53384382031274,0.0137363416729166,8.58521354557293,1,1,100.0
0.0,0,0,0,0.0,0,1,0,0,0.0,0,0,0.0,0,7,7,5,1,7,7,5,2,11,13,18,29,15,1.3846153846153846,113.29982727264704,156.87668391597282,0.0377666090908823,8.715371328665157,1,1,20.0
0.0,0,0,0,0.0,0,7,2,2,0.0,0,0,0.0,0,1,1,7,0,1,1,7,4,4,4,5,9,8,2.5,27.0,67.5,0.009,3.75,1,1,100.0
1.0,1,260,1,1.0,0,16,3,2,0.1,1,1,0.1,1,9,9,5,0,9,9,5,13,59,12,66,125,25,35.75,580.4820237218405,20752.2323480558,0.1934940079072801,1152.901797114211,13,0,185.7142857142857
1.0,1,17,1,1.0,0,6,2,1,0.0909091,1,0,0.0909091,1,10,13,6,1,10,13,6,11,30,25,33,63,36,7.260000000000001,325.70527509086565,2364.620297159685,0.1085684250302885,131.36779428664917,4,1,44.44444444444444
0.0,0,0,0,0.0,0,15,9,5,0.0,0,0,0.0,0,34,35,27,1,34,35,27,19,108,35,116,224,54,31.485714285714288,1289.094800484617,40588.07057525852,0.4296982668282056,2254.892809736584,14,1,36.84210526315789
0.0,0,0,0,0.0,0,1,0,0,0.0,0,0,0.0,0,1,1,2,2,1,1,3,3,10,10,10,20,13,1.5,74.00879436282185,111.01319154423275,0.0246695981209406,6.167399530235154,1,0,100.0
0.0,0,0,0,0.0,0,3,2,2,0.1,1,0,0.1,1,9,10,5,0,9,10,5,5,11,8,10,21,13,3.125,77.70923408096293,242.8413565030092,0.0259030780269876,13.491186472389398,3,0,60.0
0.0,0,0,0,0.0,0,7,4,3,0.0740741,2,0,0.113636,5,25,33,18,4,39,49,30,5,5,6,7,12,11,2.916666666666667,41.51317942364757,121.08010665230545,0.0138377264745491,6.726672591794746,2,4,100.0
0.0,0,0,0,0.0,0,5,1,1,0.153846,2,0,0.153846,2,11,20,12,2,11,20,12,11,31,17,37,68,28,11.970588235294116,326.90013469991703,3913.186906554889,0.108966711566639,217.3992725863827,5,2,41.66666666666667
0.0,0,0,0,0.0,0,3,1,1,0.0,0,0,0.0,0,7,9,6,2,7,9,6,9,15,8,20,35,17,11.25,143.0611994437619,1609.4384937423213,0.0476870664812539,89.41324965235118,3,2,50.0
0.0,0,0,0,0.0,0,1,0,0,0.0,0,0,0.0,0,4,4,1,0,6,6,3,3,3,3,3,6,6,1.5,15.509775004326936,23.264662506490403,0.0051699250014423,1.292481250360578,1,0,100.0
0.0,0,0,0,0.0,0,22,8,4,0.0731707,3,0,0.0731707,3,38,41,26,3,38,41,26,17,74,19,101,175,36,45.18421052631579,904.7368752524046,40879.82144232575,0.3015789584174682,2271.10119124032,14,3,46.66666666666666
0.0,0,0,0,0.0,0,6,0,0,0.0,0,0,0.0,0,1,1,3,0,1,1,3,10,255,219,318,573,229,7.260273972602739,4491.863770579549,32612.1616220159,1.4972879235265164,1811.786756778661,1,0,0.5076142131979695
0.0,0,0,0,0.0,0,1,0,0,0.0,0,0,0.0,0,15,18,13,0,15,18,15,5,52,21,58,110,26,6.904761904761905,517.0483689955201,3570.095881159544,0.17234945633184,198.33866006441912,1,0,7.6923076923076925
0.0,0,0,0,0.0,0,2,0,0,0.0,0,0,0.0,0,6,5,1,3,7,7,2,7,8,6,11,19,13,6.416666666666666,70.30835464468075,451.1452756367014,0.0234361182148935,25.063626424261187,1,3,50.0
0.0,0,0,0,0.0,0,2,0,0,0.0,0,0,0.137931,8,5,7,2,2,50,80,31,7,10,12,17,27,19,4.958333333333334,114.6940428629768,568.6912958622601,0.0382313476209922,31.59396088123667,2,2,66.66666666666666
1.0,1,13,1,1.0,0,1,0,0,0.0,0,0,0.102041,5,4,4,1,3,44,48,31,2,2,4,4,6,6,1.0,15.509775004326936,15.509775004326936,0.0051699250014423,0.861654166907052,1,3,100.0
0.0,0,0,0,0.0,0,1,0,0,0.0,0,0,0.0,0,4,4,1,0,13,12,4,2,2,3,3,5,5,1.0,11.60964047443681,11.60964047443681,0.0038698801581456,0.6449800263576005,1,0,100.0
0.0,0,0,0,0.0,0,5,2,2,0.227273,5,4,0.227273,5,17,22,13,0,17,22,13,11,19,10,21,40,21,11.55,175.69269691115042,2029.2506493237877,0.0585642323037168,112.73614718465484,4,0,33.33333333333333
0.0,0,0,0,0.0,0,4,2,2,0.0,0,0,0.0,0,1,1,2,2,1,1,2,3,10,10,10,20,13,1.5,74.00879436282185,111.01319154423275,0.0246695981209406,6.167399530235154,1,0,100.0
0.0,0,0,0,0.0,0,3,1,1,0.0,0,0,0.0,0,4,4,2,1,4,4,2,8,10,6,11,21,14,7.333333333333333,79.95445336320968,586.3326579968709,0.0266514844544032,32.57403655538172,2,1,100.0
0.0,0,0,0,0.0,0,4,1,1,0.0,0,0,0.0,0,7,7,3,1,7,7,3,6,11,5,8,19,11,4.800000000000001,65.72920075410866,315.5001636197216,0.0219097335847028,17.527786867762313,4,1,100.0
0.516129,1,4,1,0.461538,0,7,4,4,0.551724,32,28,0.551724,32,26,39,20,0,26,39,20,13,40,20,38,78,33,12.35,393.46274130995937,4859.264855177999,0.1311542471033198,269.9591586209999,6,0,31.57894736842105
0.0,0,0,0,0.0,0,4,1,1,0.05,1,0,0.05,1,19,23,7,3,19,23,7,10,40,23,52,92,33,11.304347826086955,464.0842589809777,5246.169884132791,0.1546947529936592,291.4538824518217,3,3,21.428571428571427
0.0,0,0,0,0.0,0,2,1,1,0.0,0,0,0.0,0,9,9,6,2,9,9,6,9,20,16,23,43,25,6.46875,199.68581616031315,1291.7176232870256,0.0665619387201043,71.76209018261254,2,2,33.33333333333333
0.0,0,0,0,0.0,0,2,1,1,0.0,0,0,0.0,0,7,7,7,2,7,7,7,7,19,14,22,41,21,5.5,180.0850143339292,990.4675788366104,0.0600283381113097,55.02597660203392,2,2,40.0
0.0,0,0,0,0.0,0,2,1,1,0.0,0,0,0.0,0,4,4,2,0,4,4,2,8,13,10,14,27,18,5.6,112.58797503894245,630.4926602180776,0.0375293250129808,35.027370012115426,2,0,100.0
0.0,0,0,0,0.0,0,3,0,0,0.0,0,0,0.0,0,1,1,2,0,1,1,7,14,1670,656,1756,3426,670,18.73780487804878,32163.347219592437,602670.5244256558,10.721115739864144,33481.695801425325,4,1,3.571428571428571
1.0,2,316,2,1.0,0,1,0,0,0.0,0,0,0.0,0,1,1,1,0,1,1,16,2,3,2,2,5,4,1.0,10.0,10.0,0.0033333333333333,0.5555555555555556,1,0,50.0
0.0,0,0,0,0.0,0,2,1,1,0.0,0,0,0.0,0,9,10,5,1,9,10,5,8,13,5,15,28,13,12.0,103.6123121079506,1243.347745295407,0.0345374373693168,69.07487473863372,2,1,33.33333333333333
0.0,0,0,0,0.0,0,1,0,0,0.666667,6,6,0.666667,6,3,3,2,2,3,3,2,3,5,5,7,12,8,2.1,36.0,75.6,0.012,4.199999999999999,1,2,100.0
0.0,0,0,0,0.0,0,1,0,0,0.0,0,0,0.0,0,1,1,2,0,1,1,6,14,1670,656,1756,3426,670,18.73780487804878,32163.347219592437,602670.5244256558,10.721115739864144,33481.695801425325,4,1,3.571428571428571
0.0,0,0,0,0.0,0,11,0,0,0.0,0,0,0.0,0,1,1,2,0,1,1,2,10,255,219,318,573,229,7.260273972602739,4491.863770579549,32612.1616220159,1.4972879235265164,1811.786756778661,1,0,0.5076142131979695
0.0,0,0,0,0.0,0,8,1,1,0.16,8,0,0.16,8,42,63,34,1,42,63,34,12,62,32,80,142,44,15.0,775.2392898464963,11628.589347697443,0.2584130966154987,646.0327415387469,8,1,20.0
0.0,0,0,0,0.0,0,5,2,1,0.0833333,1,0,0.0833333,1,11,13,7,1,11,13,8,12,23,13,23,46,25,10.615384615384617,213.6173847296373,2267.630699437688,0.0712057949098791,125.9794833020938,4,1,44.44444444444444
0.0,0,0,0,0.0,0,2,1,1,0.0,0,0,0.0,0,8,10,3,1,8,10,3,3,5,4,8,13,7,3.0,36.49561398674886,109.48684196024658,0.0121652046622496,6.08260233112481,2,1,50.0
0.0,0,0,0,0.0,0,4,3,1,0.0,0,0,0.0,0,12,12,9,0,12,12,9,7,24,11,20,44,18,6.363636363636363,183.47670006346172,1167.5790004038474,0.0611589000211539,64.86550002243597,4,0,36.36363636363637
0.0,0,0,0,0.0,0,1,0,0,0.0,0,0,0.0,0,1,1,2,0,1,1,6,10,255,219,318,573,229,7.260273972602739,4491.863770579549,32612.1616220159,1.4972879235265164,1811.786756778661,1,0,0.5076142131979695
0.0,0,0,0,0.0,0,4,1,1,0.0,0,0,0.0,0,10,12,9,2,10,12,9,9,21,13,21,42,22,7.269230769230769,187.29612798276648,1361.4987764901102,0.0624320426609221,75.63882091611724,4,2,44.44444444444444
0.0,0,0,0,0.0,0,1,0,0,0.0,0,0,0.0,0,19,19,5,1,19,19,8,6,57,32,64,121,38,6.0,634.9992291266738,3809.9953747600425,0.2116664097088912,211.66640970889125,1,1,12.5
0.0,0,0,0,0.0,0,1,0,0,0.0,0,0,0.0,0,3,3,1,1,3,3,1,4,8,5,11,19,9,4.4,60.22857502740394,265.00573012057737,0.0200761916758013,14.7225405622543,1,1,25.0
0.0,0,0,0,0.0,0,1,0,0,0.0,0,0,0.0,0,1,1,3,2,1,1,8,1,1,1,1,2,2,0.5,2.0,1.0,0.0006666666666666,0.0555555555555555,1,0,100.0
0.0,0,0,0,0.0,0,3,2,2,0.5,13,7,0.295082,18,13,28,10,0,43,81,33,8,27,24,33,60,32,5.5,300.0,1650.0,0.1,91.66666666666669,3,0,33.33333333333333
0.0,0,0,0,0.0,0,6,1,1,0.0,0,0,0.0,0,1,1,2,0,1,1,2,7,15,9,19,34,16,7.388888888888889,136.0,1004.8888888888888,0.0453333333333333,55.827160493827165,3,1,100.0
0.0,0,0,0,0.0,0,2,0,0,0.0,0,0,0.0,0,1,1,2,1,1,1,4,10,255,219,318,573,229,7.260273972602739,4491.863770579549,32612.1616220159,1.4972879235265164,1811.786756778661,1,0,0.5076142131979695
0.0,0,0,0,0.0,0,1,0,0,0.6,6,6,0.6,6,4,4,3,0,4,4,3,4,4,4,5,9,8,2.5,27.0,67.5,0.009,3.75,1,0,50.0
0.0,0,0,0,0.0,0,3,1,1,0.0,0,0,0.0,0,1,1,3,4,1,1,3,1,1,1,1,2,2,0.5,2.0,1.0,0.0006666666666666,0.0555555555555555,1,0,100.0
0.0,0,0,0,0.0,0,3,0,0,0.0,0,0,0.0,0,3,3,2,1,3,3,2,3,5,3,6,11,6,3.0,28.43458750793272,85.30376252379816,0.0094781958359775,4.739097917988786,1,1,100.0
0.0,0,0,0,0.0,0,5,1,1,0.0,0,0,0.0,0,10,13,6,1,16,19,10,12,26,12,27,53,24,13.5,243.00301253822133,3280.540669265988,0.0810010041794071,182.252259403666,3,1,42.85714285714285
0.0,0,0,0,0.0,0,3,2,2,0.0,0,0,0.0,0,6,6,3,1,6,6,3,8,12,13,16,28,21,4.923076923076923,122.9848878378053,605.4640632015031,0.0409949626126017,33.636892400083504,3,1,100.0
1.0,2,316,2,1.0,0,5,1,1,0.0,0,0,0.0,0,1,1,1,1,1,1,1,2,2,1,2,4,3,2.0,6.339850002884624,12.679700005769249,0.0021132833342948,0.7044277780982916,1,1,100.0
0.0,0,0,0,0.5,0,4,1,1,0.0,0,0,0.0,0,2,2,1,1,2,2,1,9,50,20,57,107,29,12.825,519.8039664786503,6666.485870088691,0.1732679888262167,370.3603261160384,3,3,42.85714285714285
0.0,0,0,0,0.0,0,1,0,0,0.0,0,0,0.0,0,1,1,2,3,1,1,2,19,175,91,247,422,110,25.78571428571429,2861.7337991074064,73791.85010555528,0.9539112663691356,4099.547228086404,8,0,25.0
0.0,0,0,0,0.0,0,2,1,1,0.0,0,0,0.0,0,7,7,4,1,7,7,4,2,2,2,3,5,4,1.5,10.0,15.0,0.0033333333333333,0.8333333333333334,1,1,50.0
0.0,0,0,0,0.0,0,4,1,1,0.333333,3,3,0.333333,3,6,6,4,3,6,6,4,6,7,8,12,19,14,4.5,72.33974351909447,325.5288458359251,0.0241132478396981,18.084935879773617,4,3,133.33333333333331
0.0,0,0,0,0.0,0,1,0,0,0.0,0,0,0.0,0,4,4,2,1,4,4,2,2,3,3,4,7,5,1.3333333333333333,16.253496664211536,21.67132888561538,0.0054178322214038,1.2039627158675212,1,1,50.0
0.0,0,0,0,0.0,0,5,2,1,0.0,0,0,0.0,0,10,11,6,1,10,11,6,11,26,12,26,52,23,11.916666666666666,235.22522171496468,2803.100558769996,0.0784084072383215,155.7278088205553,5,1,71.42857142857143
0.0,0,0,0,0.0,0,2,1,1,0.0,0,0,0.0,0,7,7,4,2,7,7,4,5,11,8,15,26,13,4.6875,96.2114326716684,450.9910906484456,0.0320704775572227,25.05506059158031,2,2,50.0
0.0,0,0,0,0.0,0,5,2,2,0.0,0,0,0.0,0,12,12,4,1,12,12,4,9,16,11,19,35,20,7.772727272727272,151.26748332105768,1175.7608930864028,0.0504224944403525,65.32004961591127,4,1,57.14285714285714
0.0,0,0,0,0.0,0,2,0,0,0.0,0,0,0.0,0,1,1,4,3,1,1,18,5,7,6,7,14,11,2.916666666666667,48.43204266092217,141.26012442768968,0.0161440142203073,7.847784690427204,1,0,100.0
1.0,3,3,3,1.0,0,1,0,0,0.0,0,0,0.0,0,1,1,1,0,1,1,1,3,14,7,14,28,10,3.0,93.01398665684616,279.04195997053847,0.0310046622189487,15.50233110947436,1,0,100.0
0.0,0,0,0,0.0,0,1,0,0,0.25,1,0,0.25,1,3,4,1,0,3,4,2,3,3,4,4,7,7,1.5,19.651484454403228,29.47722668160484,0.0065504948181344,1.6376237045336022,1,0,100.0
0.0,0,0,0,0.0,0,1,0,0,0.0,0,0,0.0416667,1,8,9,6,1,23,25,15,5,13,8,18,31,13,5.625,114.71363126237384,645.2641758508529,0.0382378770874579,35.848009769491824,1,1,14.285714285714285
0.0,0,0,0,0.0,0,1,0,0,0.0,0,0,0.0,0,1,1,1,1,1,1,1,19,175,91,247,422,110,25.78571428571429,2861.7337991074064,73791.85010555528,0.9539112663691356,4099.547228086404,8,0,25.0
0.0,0,0,0,0.0,0,2,1,1,0.0,0,0,0.0,0,12,12,5,4,12,12,5,12,45,18,59,104,30,19.666666666666664,510.316621943286,10036.226898217956,0.1701055406477619,557.5681610121087,2,4,20.0
0.0,0,0,0,0.0,0,16,3,3,0.235294,12,4,0.235294,12,39,54,24,3,39,54,24,17,59,20,71,130,37,30.175,677.2289375317636,20435.383190020963,0.2257429791772545,1135.2990661122758,13,3,44.82758620689656
0.0,0,0,0,0.0,0,4,1,1,0.0,0,0,0.0,0,1,1,1,1,1,1,1,4,4,4,5,9,8,2.5,27.0,67.5,0.009,3.75,1,1,100.0
0.0,0,0,0,0.0,0,1,0,0,0.0,0,0,0.0,0,3,3,1,2,3,3,1,2,2,4,6,8,6,1.5,20.67970000576925,31.019550008653876,0.0068932333352564,1.723308333814104,1,2,100.0
0.0,0,0,0,0.0,0,2,0,0,0.0,0,0,0.0,0,1,1,2,1,1,1,6,7,19,12,22,41,19,6.416666666666666,174.165028051187,1117.5589299951164,0.0580550093503956,62.08660722195091,3,1,100.0
0.0,0,0,0,1.0,0,4,1,1,0.0,0,0,0.0,0,1,1,4,2,1,1,4,9,50,20,57,107,29,12.825,519.8039664786503,6666.485870088691,0.1732679888262167,370.3603261160384,3,3,42.85714285714285
0.0,0,0,0,0.0,0,2,1,1,0.0,0,0,0.0,0,4,4,3,3,4,4,3,6,9,7,13,22,13,5.571428571428571,81.40967379910403,453.5681825950081,0.0271365579330346,25.19823236638934,2,3,50.0
0.0,0,0,0,0.0,0,2,1,1,0.25,3,0,0.136364,3,9,12,4,1,19,22,13,8,13,7,12,25,15,6.857142857142857,97.67226489021296,669.7526735328889,0.0325574216300709,37.20848186293827,2,1,50.0
0.0,0,0,0,0.0,0,2,1,1,0.0,0,0,0.0434783,1,7,9,5,1,22,27,16,7,9,7,10,19,14,5.0,72.33974351909447,361.6987175954723,0.0241132478396981,20.09437319974846,2,1,40.0
0.0,0,0,0,0.0,0,2,1,1,0.0,0,0,0.0,0,6,6,3,1,6,6,3,5,8,6,9,17,11,3.75,58.81033751683406,220.5387656881277,0.0196034458389446,12.25215364934043,2,1,66.66666666666666
0.0,0,0,0,0.0,0,1,0,0,0.0,0,0,0.0,0,4,4,1,2,10,10,6,3,3,5,5,8,8,1.5,24.0,36.0,0.008,2.0,1,2,100.0
0.0,0,0,0,0.0,0,3,1,1,0.0,0,0,0.0,0,1,1,1,1,1,1,1,3,10,10,10,20,13,1.5,74.00879436282185,111.01319154423275,0.0246695981209406,6.167399530235154,1,0,100.0
0.0,0,0,0,0.0,0,1,0,0,0.0,0,0,0.0,0,5,5,2,1,23,23,18,4,5,6,7,12,10,2.333333333333333,39.86313713864836,93.01398665684616,0.0132877123795494,5.167443703158121,1,1,50.0
0.0804873,3,6,6,0.0868762,0,1,0,0,0.0,0,0,0.0071066,7,57,83,29,0,978,1082,631,6,60,36,85,145,42,7.083333333333334,781.8860263029203,5538.35935297902,0.2606286754343068,307.68663072105664,1,0,3.4482758620689653
0.0,0,0,0,0.0,0,1,0,0,0.0833333,1,0,0.0526316,1,11,15,4,4,18,24,6,8,14,13,22,36,21,6.769230769230769,158.12342722003538,1070.3739688740857,0.0527078090733451,59.46522049300476,1,4,14.285714285714285
1.0,1,304,1,1.0,0,1,0,0,0.25,1,0,0.25,1,3,4,1,0,3,4,1,3,6,6,6,12,9,1.5,38.03910001730775,57.058650025961626,0.0126797000057692,3.1699250014423126,1,0,100.0
0.0,0,0,0,0.0,0,1,0,0,0.0,0,0,0.0,0,10,10,8,0,10,10,8,5,38,24,52,90,29,5.416666666666666,437.2182895614815,2368.265735124691,0.1457394298538271,131.5703186180384,1,0,12.5
0.0,0,0,0,0.0,0,5,1,1,0.0,0,0,0.0,0,14,14,11,1,14,14,11,13,36,14,42,78,27,19.5,370.8812251687506,7232.183890790636,0.1236270750562501,401.7879939328131,4,1,36.36363636363637
0.0,0,0,0,0.0,0,6,2,2,0.0,0,0,0.0,0,1,1,7,2,1,1,7,19,175,91,247,422,110,25.78571428571429,2861.7337991074064,73791.85010555528,0.9539112663691356,4099.547228086404,8,0,25.0
0.0,0,0,0,0.0,0,5,2,2,0.0,0,0,0.0,0,11,13,8,3,11,13,8,12,20,12,24,44,24,12.0,201.7383500317309,2420.860200380771,0.0672461166772436,134.49223335448727,5,3,71.42857142857143
1.0,1,14,1,1.0,0,2,1,1,0.0,0,0,0.0,0,5,5,2,0,5,5,2,3,4,4,4,8,7,1.5,22.458839376460837,33.68825906469125,0.0074862797921536,1.871569948038403,2,0,100.0
0.0,0,0,0,0.0,0,2,0,0,0.461538,6,0,0.173913,8,7,18,4,2,38,54,20,8,14,10,18,32,18,7.2,133.437600046154,960.7507203323088,0.0444792000153846,53.3750400184616,2,2,40.0
0.0,0,0,0,0.0,0,4,3,3,0.0,0,0,0.0,0,1,1,8,2,1,1,8,7,19,12,22,41,19,6.416666666666666,174.165028051187,1117.5589299951164,0.0580550093503956,62.08660722195091,3,1,100.0
0.0,0,0,0,0.0,0,1,0,0,0.0,0,0,0.0,0,16,22,7,0,95,112,68,2,14,9,21,35,11,2.333333333333333,121.08010665230542,282.5202488553793,0.0403600355507684,15.695569380854408,1,0,14.285714285714285
0.0,0,0,0,0.0,0,3,2,2,0.0,0,0,0.0,0,3,3,1,2,3,3,1,4,5,3,8,13,7,5.333333333333333,36.49561398674886,194.6432745959939,0.0121652046622496,10.813515255332996,3,2,300.0
0.0,0,0,0,0.0,0,33,1,1,0.0,0,0,0.0,0,52,52,17,1,52,52,17,13,65,47,62,127,60,8.574468085106382,750.1751056422819,6432.352501571055,0.2500583685474273,357.3529167539475,32,1,71.11111111111111
0.0,0,0,0,0.0,0,1,0,0,0.0,0,0,0.0,0,4,4,2,0,4,4,2,3,10,8,10,20,11,1.875,69.18863237274596,129.72868569889866,0.0230628774575819,7.20714920549437,1,0,50.0
1.0,1,228,1,1.0,0,3,1,1,0.0,0,0,0.0,0,5,5,5,0,5,5,5,5,9,7,8,17,12,2.8571428571428568,60.94436251225966,174.12675003502758,0.0203147875040865,9.67370833527931,3,0,60.0
0.0,0,0,0,0.0,0,2,1,1,0.0,0,0,0.0,0,4,4,2,0,4,4,2,6,11,9,13,24,15,4.333333333333333,93.76537429460444,406.3166219432859,0.0312551247648681,22.573145663515884,2,0,100.0
0.0,0,0,0,0.0,0,2,0,0,0.0,0,0,0.0,0,4,4,2,2,4,4,2,4,6,6,9,15,10,3.0,49.82892142331044,149.4867642699313,0.0166096404744368,8.304820237218406,2,2,100.0
0.0,0,0,0,0.0,0,1,0,0,0.0,0,0,0.0,0,4,4,1,1,19,20,15,4,4,4,6,10,8,3.0,30.0,90.0,0.01,5.0,1,1,100.0
0.0,0,0,0,0.0,0,1,0,0,0.0,0,0,0.0,0,4,4,2,1,4,4,2,2,3,5,7,10,7,1.4,28.07354922057604,39.302968908806456,0.009357849740192,2.1834982727114696,1,1,50.0
0.0,0,0,0,0.0,0,1,0,0,0.0,0,0,0.0,0,1,1,2,0,1,1,3,19,175,91,247,422,110,25.78571428571429,2861.7337991074064,73791.85010555528,0.9539112663691356,4099.547228086404,8,0,25.0
0.0,0,0,0,0.0,0,1,0,0,0.0,0,0,0.0,0,4,4,1,1,5,5,2,3,4,4,5,9,7,1.875,25.26619429851844,47.37411430972208,0.0084220647661728,2.6318952394290043,1,1,100.0
0.0,0,0,0,0.0,0,2,1,1,0.0,0,0,0.0,0,11,16,8,1,11,16,8,8,30,13,32,62,21,9.846153846153848,272.32368021228314,2681.340851320942,0.090774560070761,148.96338062894122,2,1,25.0
1.0,2,6,2,1.0,0,1,0,0,0.0,0,0,0.0,0,5,6,3,2,5,6,3,4,9,5,13,22,9,5.2,69.73835003173087,362.63942016500056,0.0232461166772436,20.146634453611146,1,2,33.33333333333333
0.0,0,0,0,0.0,0,2,1,1,0.0,0,0,0.0,0,1,1,1,0,1,1,3,1,1,1,2,3,2,1.0,3.0,3.0,0.001,0.1666666666666666,1,1,100.0
0.0,0,0,0,0.0,0,1,0,0,0.0,0,0,0.0,0,4,4,3,1,4,4,3,2,3,5,7,10,7,1.4,28.07354922057604,39.302968908806456,0.009357849740192,2.1834982727114696,1,1,50.0
0.0,0,0,0,0.0,0,1,0,0,0.0,0,0,0.0,0,4,4,2,1,4,4,2,0,0,0,0,0,0,0.0,0.0,0.0,0.0,0.0,1,0,0.0
0.0,0,0,0,0.0,0,3,1,1,0.0,0,0,0.0,0,6,6,4,1,6,6,4,9,11,7,11,22,16,7.071428571428571,88.0,622.2857142857142,0.0293333333333333,34.57142857142857,3,1,100.0
0.0,0,0,0,0.0,0,1,0,0,0.166667,1,0,0.166667,1,5,5,3,1,5,5,3,6,12,12,16,28,18,4.0,116.75790004038474,467.03160016153896,0.0389193000134615,25.946200008974387,1,1,25.0
0.0,0,0,0,0.0,0,1,0,0,0.0,0,0,0.0,0,3,3,1,1,3,3,1,2,2,3,4,6,5,1.3333333333333333,13.931568569324174,18.575424759098897,0.0046438561897747,1.0319680421721609,1,1,100.0
0.0,0,0,0,0.0,0,2,0,0,0.0,0,0,0.0,0,14,20,8,2,52,58,34,7,30,13,33,63,20,8.884615384615383,272.28146997790384,2419.116137111376,0.0907604899926346,134.395340950632,2,2,28.57142857142857
0.0,0,0,0,0.0,0,7,3,2,0.0,0,0,0.0,0,13,13,7,2,13,13,7,17,29,18,30,59,35,14.166666666666668,302.627697999753,4287.225721663168,0.100875899333251,238.17920675906487,5,2,62.5
0.0,0,0,0,1.0,0,1,0,0,0.0,0,0,0.0,0,1,1,1,2,1,1,1,9,50,20,57,107,29,12.825,519.8039664786503,6666.485870088691,0.1732679888262167,370.3603261160384,3,3,42.85714285714285
0.0,0,0,0,0.0,0,5,2,1,0.0,0,0,0.0,0,14,16,10,3,14,16,10,10,26,10,31,57,20,15.5,246.34990140857968,3818.423471832985,0.0821166338028599,212.13463732405472,5,3,41.66666666666667
0.0,0,0,0,0.0,0,1,0,0,0.0,0,0,0.0,0,12,12,3,1,16,16,7,5,17,17,23,40,22,3.382352941176471,178.37726474549189,603.3348660509286,0.0594590882484972,33.51860366949603,1,1,12.5
0.0,0,0,0,0.0,0,8,4,4,0.0,0,0,0.0,0,1,1,17,0,1,1,17,10,255,219,318,573,229,7.260273972602739,4491.863770579549,32612.1616220159,1.4972879235265164,1811.786756778661,1,0,0.5076142131979695
0.0,0,0,0,0.0,0,1,0,0,0.0,0,0,0.0,0,4,4,1,2,14,14,5,2,2,3,3,5,5,1.0,11.60964047443681,11.60964047443681,0.0038698801581456,0.6449800263576005,1,2,100.0
0.0,0,0,0,0.0,0,3,1,1,0.111111,2,0,0.111111,2,16,21,11,1,16,21,11,12,35,29,40,75,41,8.275862068965518,401.81640034635626,3325.377106314673,0.1339388001154521,184.74317257303736,3,1,25.0
1.0,1,67,1,1.0,0,8,2,2,0.09375,3,0,0.09375,3,29,44,21,0,29,44,21,12,128,53,145,273,65,16.41509433962264,1644.106412956768,26988.161873063927,0.5480354709855894,1499.3423262813294,6,0,26.08695652173913
0.0,0,0,0,0.0,0,3,2,2,0.0,0,0,0.0,0,12,14,7,4,12,14,7,6,12,12,22,34,18,5.5,141.7774500490386,779.7759752697124,0.0472591500163462,43.32088751498402,2,4,33.33333333333333
0.0,0,0,0,0.0,0,1,0,0,0.0,0,0,0.0,0,6,7,4,0,6,7,4,4,24,12,24,48,16,4.0,192.0,768.0,0.064,42.66666666666666,1,0,25.0
0.0,0,0,0,0.0,0,1,0,0,0.166667,1,0,0.166667,1,5,6,3,1,5,6,3,3,7,7,9,16,10,1.9285714285714288,53.1508495181978,102.50520978509576,0.0177169498393992,5.6947338769497655,1,1,33.33333333333333
0.0,0,0,0,0.0,0,3,1,1,0.0,0,0,0.0,0,15,18,11,1,15,18,11,11,36,14,40,76,25,15.714285714285715,352.93307042287904,5546.091106645243,0.1176443568076263,308.11617259140235,3,1,27.27272727272727
0.0,0,0,0,0.0,0,2,0,0,0.0,0,0,0.0,0,1,1,2,1,1,1,2,17,51,36,57,108,53,13.458333333333332,618.6154090928255,8325.53238070761,0.2062051363642751,462.5295767059783,9,1,39.130434782608695
0.0,0,0,0,0.0,0,8,3,3,0.227273,5,3,0.227273,5,17,28,11,1,17,28,11,8,37,23,41,78,31,7.130434782608695,386.4273122101763,2755.394747933431,0.1288091040700587,153.07748599630173,5,1,45.45454545454545
0.0,0,0,0,0.0,0,1,0,0,0.0,0,0,0.394737,15,6,6,1,0,23,42,14,4,4,3,3,7,7,2.0,19.651484454403228,39.302968908806456,0.0065504948181344,2.1834982727114696,1,0,50.0
0.0,0,0,0,0.0,0,3,2,1,0.1,1,0,0.1,1,9,11,6,2,9,11,6,10,15,9,18,33,19,10.0,140.1816079436383,1401.816079436383,0.0467272026478794,77.87867107979906,3,2,42.85714285714285
0.0,0,0,0,0.0,0,1,0,0,0.0,0,0,0.0,0,4,4,1,1,8,8,2,4,6,5,6,12,9,2.4,38.03910001730775,91.2938400415386,0.0126797000057692,5.0718800023077,1,1,100.0
0.0,0,0,0,0.0,0,1,0,0,0.0,0,0,0.0,0,3,3,1,1,3,3,1,2,4,6,8,12,8,1.3333333333333333,36.0,48.0,0.012,2.6666666666666665,1,1,100.0
0.0,0,0,0,0.0,0,4,2,1,0.392857,11,0,0.392857,11,17,31,13,0,17,31,13,9,34,22,45,79,31,9.204545454545457,391.3815085205632,3602.4888852460936,0.1304605028401877,200.13827140256075,4,0,30.76923076923077
0.0,0,0,0,0.0,0,2,0,0,0.0,0,0,0.0,0,1,1,1,0,1,1,1,19,175,91,247,422,110,25.78571428571429,2861.7337991074064,73791.85010555528,0.9539112663691356,4099.547228086404,8,0,25.0
0.0,0,0,0,0.0,0,2,1,1,0.0,0,0,0.0,0,7,7,6,3,7,7,6,9,16,12,22,38,21,8.25,166.9080620655929,1376.9915120411415,0.0556360206885309,76.49952844673008,2,3,40.0
0.0,0,0,0,0.0,0,1,0,0,0.0,0,0,0.0,0,1,1,1,2,1,1,1,10,255,219,318,573,229,7.260273972602739,4491.863770579549,32612.1616220159,1.4972879235265164,1811.786756778661,1,0,0.5076142131979695
0.0,0,0,0,0.0,0,3,1,1,0.0,0,0,0.0217391,4,29,41,14,0,180,200,115,7,31,20,42,73,27,7.35,347.10678765793324,2551.234889285809,0.1157022625526444,141.7352716269894,2,0,14.285714285714285
0.0,0,0,0,0.0,0,2,1,1,0.0,0,0,0.0,0,6,6,3,3,6,6,3,3,5,9,10,15,12,1.6666666666666667,53.77443751081735,89.62406251802892,0.0179248125036057,4.9791145843349405,2,3,66.66666666666666
0.0,0,0,0,0.0,0,2,1,1,0.0,0,0,0.0,0,12,12,5,0,14,14,7,8,21,13,24,45,21,7.384615384615385,197.65428402504423,1459.6008666464809,0.0658847613416814,81.08893703591559,2,0,25.0
0.0,0,0,0,0.0,0,1,0,0,0.0,0,0,0.0,0,1,1,1,1,1,1,6,3,3,3,4,7,6,2.0,18.09473750504809,36.18947501009619,0.0060315791683493,2.0105263894497885,1,1,100.0
0.0,0,0,0,0.0,0,3,1,1,0.0,0,0,0.0,0,10,10,5,2,14,14,8,8,18,17,26,44,25,6.117647058823529,204.32967235008783,1250.0168190828904,0.0681098907833626,69.44537883793835,2,2,33.33333333333333
0.0,0,0,0,0.0,0,1,0,0,0.0,0,0,0.0,0,3,3,1,2,3,3,1,4,6,7,9,15,11,2.571428571428572,51.89147427955947,133.43521957601007,0.0172971580931864,7.413067754222782,1,2,100.0
0.0,0,0,0,0.0,0,1,0,0,0.0,0,0,0.0,0,1,1,2,2,1,1,32,17,51,36,57,108,53,13.458333333333332,618.6154090928255,8325.53238070761,0.2062051363642751,462.5295767059783,9,1,39.130434782608695
0.0,0,0,0,0.0,0,1,0,0,0.0,0,0,0.0,0,4,4,1,0,12,12,7,2,2,3,3,5,5,1.0,11.60964047443681,11.60964047443681,0.0038698801581456,0.6449800263576005,1,0,100.0
0.0,0,0,0,1.0,0,6,1,1,0.0,0,0,0.0,0,1,1,3,1,1,1,3,9,50,20,57,107,29,12.825,519.8039664786503,6666.485870088691,0.1732679888262167,370.3603261160384,3,3,42.85714285714285
0.0,0,0,0,0.0,0,1,0,0,0.0,0,0,0.0,0,3,3,1,1,3,3,1,4,5,8,9,14,12,2.25,50.18947501009619,112.92631877271644,0.0167298250033653,6.273684376262024,1,1,100.0
0.0,0,0,0,0.0,0,2,0,0,0.0,0,0,0.0,0,1,1,2,3,1,1,2,17,51,36,57,108,53,13.458333333333332,618.6154090928255,8325.53238070761,0.2062051363642751,462.5295767059783,9,1,39.130434782608695
0.0,0,0,0,0.0,0,1,0,0,0.0,0,0,0.0,0,20,23,12,1,32,35,22,7,39,21,46,85,28,7.666666666666668,408.6251683748963,3132.792957540872,0.1362083894582987,174.0440531967151,1,1,8.333333333333332
0.0,0,0,0,0.0,0,3,1,1,0.142857,2,0,0.142857,2,12,16,9,2,12,16,9,14,28,17,34,62,31,14.0,307.1601712439863,4300.242397415808,0.1023867237479954,238.90235541198933,3,2,37.5
0.0,0,0,0,0.0,0,1,0,0,0.0,0,0,0.0706522,13,12,19,2,2,171,207,117,7,19,16,23,42,23,5.03125,189.98960215439456,955.8851858392976,0.0633298673847981,53.104732546627645,1,2,7.6923076923076925
0.0,0,0,0,0.0,0,3,0,0,0.0,0,0,0.0,0,4,4,3,2,4,4,3,7,9,6,11,20,13,6.416666666666666,74.00879436282185,474.8897638281068,0.0246695981209406,26.382764657117047,2,2,100.0
0.0,0,0,0,0.0,0,6,1,1,0.0,0,0,0.0,0,17,25,12,2,36,50,26,9,39,21,43,82,30,9.214285714285714,402.3650288398985,3707.506337167636,0.1341216762799661,205.97257428709088,6,2,46.15384615384615
0.0780347,1,16,2,0.0690537,0,9,1,1,0.644737,49,0,0.167712,107,27,85,15,2,531,782,379,14,59,26,65,124,40,17.5,659.9190837660329,11548.583965905576,0.2199730279220109,641.5879981058654,8,2,40.0
0.0,0,0,0,0.0,0,12,3,3,0.0,0,0,0.0,0,1,1,14,0,1,1,16,17,51,36,57,108,53,13.458333333333332,618.6154090928255,8325.53238070761,0.2062051363642751,462.5295767059783,9,1,39.130434782608695
0.0,0,0,0,0.0,0,1,0,0,0.0,0,0,0.0,0,7,9,5,0,7,9,5,4,20,10,24,44,14,4.8,167.52361657053456,804.1133595385659,0.0558412055235115,44.672964418809215,1,0,20.0
0.0,0,0,0,0.0,0,2,1,1,0.0,0,0,0.0,0,8,8,6,1,8,8,6,9,15,11,18,33,20,7.363636363636364,142.62362713128297,1050.2285270576292,0.0475412090437609,58.3460292809794,2,1,28.57142857142857
0.0,0,0,0,1.0,0,4,1,1,0.0,0,0,0.0,0,1,1,3,4,1,1,19,9,50,20,57,107,29,12.825,519.8039664786503,6666.485870088691,0.1732679888262167,370.3603261160384,3,3,42.85714285714285
0.0,0,0,0,0.0,0,1,0,0,0.0,0,0,0.0,0,4,4,2,0,4,4,2,5,7,5,7,14,10,3.5,46.50699332842308,162.7744766494808,0.0155023311094743,9.043026480526713,1,0,50.0
0.0,0,0,0,0.0,0,1,0,0,0.0,0,0,0.0,0,7,7,4,1,10,10,7,5,8,11,14,22,16,3.1818181818181817,88.0,280.0,0.0293333333333333,15.555555555555555,1,1,25.0
0.0,0,0,0,0.0,0,1,0,0,0.333333,2,0,0.333333,2,4,7,2,0,4,7,2,3,7,7,9,16,10,1.9285714285714288,53.1508495181978,102.50520978509576,0.0177169498393992,5.6947338769497655,1,0,50.0
1.0,1,13,1,1.0,0,1,0,0,0.0,0,0,0.107143,3,7,7,4,1,25,27,18,6,13,11,14,27,17,3.8181818181818175,110.36149671375918,421.3802601798078,0.036787165571253,23.410014454433767,1,1,25.0
0.0,0,0,0,0.0,0,2,0,0,0.0,0,0,0.0,0,7,7,3,2,33,33,18,7,11,6,13,24,13,7.583333333333333,88.81055323538621,673.4800287016787,0.0296035177451287,37.415557150093264,2,2,66.66666666666666
0.0,0,0,0,0.0,0,11,6,2,0.0,0,0,0.0,0,34,35,27,0,34,35,27,11,109,37,112,221,48,16.64864864864865,1234.2767126593756,20549.03932427501,0.4114255708864585,1141.613295793056,11,0,23.404255319148938
0.0,0,0,0,0.0,0,3,0,0,0.0,0,0,0.0,0,6,9,4,0,23,26,20,8,18,14,20,38,22,5.714285714285714,169.4584015082173,968.3337229040987,0.0564861338360724,53.796317939116605,3,0,60.0
0.0,0,0,0,0.0,0,1,0,0,0.0,0,0,0.0,0,6,7,2,0,32,33,19,2,4,4,6,10,6,1.5,25.84962500721156,38.77443751081734,0.0086165416690705,2.1541354172676304,1,0,50.0
0.0,0,0,0,0.0,0,3,1,1,0.0,0,0,0.0,0,1,1,1,1,1,1,1,5,7,6,7,14,11,2.916666666666667,48.43204266092217,141.26012442768968,0.0161440142203073,7.847784690427204,1,0,100.0
0.0,0,0,0,0.0,0,4,2,2,0.0,0,0,0.0,0,11,11,8,1,11,11,8,13,21,12,27,48,25,14.625,222.9050971091868,3259.9870452218565,0.0743016990363956,181.11039140121423,4,1,44.44444444444444
0.0,0,0,0,0.0,0,2,0,0,0.25,1,0,0.25,1,3,4,1,1,3,4,1,6,12,8,10,22,14,3.75,83.76180828526728,314.1067810697523,0.0279206027617557,17.45037672609735,1,1,100.0
0.0,0,0,0,0.0,0,1,0,0,0.0,0,0,0.0,0,3,3,1,1,3,3,1,2,3,6,7,10,8,1.1666666666666667,30.0,35.0,0.01,1.9444444444444444,1,1,100.0
0.0,0,0,0,0.0,0,2,1,1,0.0,0,0,0.0,0,1,1,1,2,1,1,1,3,10,10,10,20,13,1.5,74.00879436282185,111.01319154423275,0.0246695981209406,6.167399530235154,1,0,100.0
0.0,0,0,0,0.0,0,1,0,0,0.0,0,0,0.0,0,3,3,1,2,3,3,1,2,2,4,5,7,6,1.25,18.09473750504809,22.61842188131012,0.0060315791683493,1.2565789934061178,1,2,100.0
0.0,0,0,0,0.0,0,3,1,1,0.0,0,0,0.0,0,6,6,3,1,6,6,3,5,6,8,10,16,13,3.125,59.20703549025748,185.0219859070546,0.0197356784967524,10.27899921705859,3,1,100.0
0.0,0,0,0,0.0,0,2,1,1,0.133333,2,0,0.133333,2,13,16,12,1,13,16,12,6,35,20,46,81,26,6.9,380.7356171694285,2627.0757584690564,0.1269118723898095,145.94865324828092,2,1,16.666666666666664
0.0,0,0,0,0.0,0,2,1,1,0.0,0,0,0.04,1,9,9,5,2,24,23,15,6,16,17,22,38,23,3.882352941176471,171.8953543301665,667.3584344582936,0.0572984514433888,37.07546858101631,2,2,40.0
0.0,0,0,0,0.0,0,2,1,1,0.0,0,0,0.0,0,4,4,2,1,4,4,2,8,13,12,17,30,20,5.666666666666667,129.65784284662087,734.7277761308516,0.0432192809488736,40.81820978504731,2,1,66.66666666666666
1.0,1,228,1,1.0,0,2,1,1,0.0,0,0,0.0,0,3,3,2,0,3,3,2,3,3,2,2,5,5,1.5,11.60964047443681,17.414460711655217,0.0038698801581456,0.9674700395364008,2,0,100.0
1.0,1,260,1,1.0,0,10,3,2,0.1,1,1,0.1,1,9,9,5,0,9,9,5,9,35,8,39,74,17,21.9375,302.4722502525252,6635.48498991477,0.1008240834175083,368.638054995265,9,0,128.57142857142858
