commit_hash,file_name,file_la,file_ld,file_lt,file_age,file_ddev,file_nuc,own,minor,file_ndev,file_ncomm,file_adev,file_nadev,file_avg_nddev,file_avg_nadev,file_avg_ncomm,file_ns,file_exp,file_sexp,file_rexp,file_nd,file_sctr
99ff93458607d4ffecdf277621056e8903c623a3,.gitignore,6,0,0,0.0,1,0,1.0,0,0,0,1,0,0.0,0.0,0.0,1,1,-0.061944416194179217,,,
99ff93458607d4ffecdf277621056e8903c623a3,Droppy_Samples.iml,19,0,0,0.0,1,0,1.0,0,0,0,1,0,0.0,0.0,0.0,1,1,1.0,0.0,1.0,-0.147992172762676
99ff93458607d4ffecdf277621056e8903c623a3,app/.gitignore,1,0,0,0.0,1,0,1.0,0,0,0,1,0,0.0,0.0,0.0,1,2,1.0,0.0,1.0,-0.014264560982649518
99ff93458607d4ffecdf277621056e8903c623a3,app/build.gradle,25,0,0,0.0,1,0,1.0,0,0,0,1,0,0.0,0.0,0.0,1,3,1.0,0.0,1.0,-0.17963779782177436
99ff93458607d4ffecdf277621056e8903c623a3,app/proguard-rules.pro,17,0,0,0.0,1,0,1.0,0,0,0,1,0,0.0,0.0,0.0,1,4,2.0,0.0,1.0,-0.13657243258727386
99ff93458607d4ffecdf277621056e8903c623a3,app/samples.iml,93,0,0,0.0,1,0,1.0,0,0,0,1,0,0.0,0.0,0.0,1,5,3.0,0.0,1.0,-0.39955879115310194
99ff93458607d4ffecdf277621056e8903c623a3,app/src/androidTest/java/com/shehabic/droppy_samples/ApplicationTest.java,13,0,0,0.0,1,0,1.0,0,0,0,1,0,0.0,0.0,0.0,1,6,4.0,0.0,1.0,-0.1121074081161599
99ff93458607d4ffecdf277621056e8903c623a3,app/src/main/AndroidManifest.xml,11,0,0,0.0,1,0,1.0,0,0,0,1,0,0.0,0.0,0.0,1,7,5.0,0.0,1.0,-0.09890140891126321
99ff93458607d4ffecdf277621056e8903c623a3,app/src/main/res/mipmap-hdpi/ic_launcher.png,0,0,0,0.0,1,0,1.0,0,0,0,1,0,0.0,0.0,0.0,1,8,6.0,0.0,1.0,
99ff93458607d4ffecdf277621056e8903c623a3,app/src/main/res/mipmap-mdpi/ic_launcher.png,0,0,0,0.0,1,0,1.0,0,0,0,1,0,0.0,0.0,0.0,1,9,7.0,0.0,1.0,
99ff93458607d4ffecdf277621056e8903c623a3,app/src/main/res/mipmap-xhdpi/ic_launcher.png,0,0,0,0.0,1,0,1.0,0,0,0,1,0,0.0,0.0,0.0,1,10,8.0,0.0,1.0,
99ff93458607d4ffecdf277621056e8903c623a3,app/src/main/res/mipmap-xxhdpi/ic_launcher.png,0,0,0,0.0,1,0,1.0,0,0,0,1,0,0.0,0.0,0.0,1,11,9.0,0.0,1.0,
99ff93458607d4ffecdf277621056e8903c623a3,app/src/main/res/values/strings.xml,3,0,0,0.0,1,0,1.0,0,0,0,1,0,0.0,0.0,0.0,1,12,10.0,0.0,1.0,-0.03554537882879692
99ff93458607d4ffecdf277621056e8903c623a3,app/src/main/res/values/styles.xml,8,0,0,0.0,1,0,1.0,0,0,0,1,0,0.0,0.0,0.0,1,13,11.0,0.0,1.0,-0.07753112200753762
99ff93458607d4ffecdf277621056e8903c623a3,build.gradle,19,0,0,0.0,1,0,1.0,0,0,0,1,0,0.0,0.0,0.0,1,14,2.0,0.0,1.0,-0.147992172762676
99ff93458607d4ffecdf277621056e8903c623a3,droppy/.gitignore,1,0,0,0.0,1,0,1.0,0,0,0,1,0,0.0,0.0,0.0,1,15,2.0,0.0,1.0,-0.014264560982649518
99ff93458607d4ffecdf277621056e8903c623a3,droppy/build.gradle,24,0,0,0.0,1,0,1.0,0,0,0,1,0,0.0,0.0,0.0,1,16,1.0,0.0,1.0,-0.17460693306939978
99ff93458607d4ffecdf277621056e8903c623a3,droppy/library.iml,94,0,0,0.0,1,0,1.0,0,0,0,1,0,0.0,0.0,0.0,1,17,2.0,0.0,1.0,-0.40164411032988107
99ff93458607d4ffecdf277621056e8903c623a3,droppy/proguard-rules.pro,17,0,0,0.0,1,0,1.0,0,0,0,1,0,0.0,0.0,0.0,1,18,3.0,0.0,1.0,-0.13657243258727386
99ff93458607d4ffecdf277621056e8903c623a3,droppy/src/androidTest/java/com/shehabic/droppy/ApplicationTest.java,13,0,0,0.0,1,0,1.0,0,0,0,1,0,0.0,0.0,0.0,1,19,4.0,0.0,1.0,-0.1121074081161599
99ff93458607d4ffecdf277621056e8903c623a3,droppy/src/main/AndroidManifest.xml,10,0,0,0.0,1,0,1.0,0,0,0,1,0,0.0,0.0,0.0,1,20,5.0,0.0,1.0,-0.09200646203857808
99ff93458607d4ffecdf277621056e8903c623a3,droppy/src/main/res/values/strings.xml,3,0,0,0.0,1,0,1.0,0,0,0,1,0,0.0,0.0,0.0,1,21,6.0,0.0,1.0,-0.03554537882879692
99ff93458607d4ffecdf277621056e8903c623a3,gradle.properties,18,0,0,0.0,1,0,1.0,0,0,0,1,0,0.0,0.0,0.0,1,22,3.0,0.0,1.0,-0.14234342386762788
99ff93458607d4ffecdf277621056e8903c623a3,gradle/wrapper/gradle-wrapper.jar,0,0,0,0.0,1,0,1.0,0,0,0,1,0,0.0,0.0,0.0,1,23,3.0,0.0,1.0,
99ff93458607d4ffecdf277621056e8903c623a3,gradle/wrapper/gradle-wrapper.properties,6,0,0,0.0,1,0,1.0,0,0,0,1,0,0.0,0.0,0.0,1,24,1.0,0.0,1.0,-0.061944416194179217
99ff93458607d4ffecdf277621056e8903c623a3,gradlew,164,0,0,0.0,1,0,1.0,0,0,0,1,0,0.0,0.0,0.0,1,25,4.0,0.0,1.0,-0.5
99ff93458607d4ffecdf277621056e8903c623a3,gradlew.bat,90,0,0,0.0,1,0,1.0,0,0,0,1,0,0.0,0.0,0.0,1,26,5.0,0.0,1.0,-0.39315991119810495
99ff93458607d4ffecdf277621056e8903c623a3,settings.gradle,1,0,0,0.0,1,0,1.0,0,0,0,1,0,0.0,0.0,0.0,1,27,6.0,0.0,1.0,-0.014264560982649518
d98576714771498272ace4adcfdf0ab6dbd3c47c,README.md,77,0,0,0.0,1,0,1.0,0,0,0,1,0,0.0,0.0,0.0,1,28,7.0,0.0,1.0,-0.21287931243723174
d98576714771498272ace4adcfdf0ab6dbd3c47c,app/.gitignore,0,1,1,0.000925925925925926,1,2,1.0,0,19,19,2,19,0.30158730158730157,0.30158730158730157,0.30158730158730157,1,29,12.0,1081.0,1.0,-0.00674357848461882
d98576714771498272ace4adcfdf0ab6dbd3c47c,app/build.gradle,0,25,25,0.000925925925925926,1,2,1.0,0,19,20,2,20,0.30158730158730157,0.31746031746031744,0.31746031746031744,1,30,13.0,541.0,1.0,-0.09487745910317327
d98576714771498272ace4adcfdf0ab6dbd3c47c,app/proguard-rules.pro,0,17,17,0.000925925925925926,1,2,1.0,0,19,21,2,21,0.30158730158730157,0.3333333333333333,0.3333333333333333,1,31,14.0,361.0,1.0,-0.0705221876980401
d98576714771498272ace4adcfdf0ab6dbd3c47c,app/samples.iml,0,93,93,0.000925925925925926,1,2,1.0,0,19,22,2,22,0.30158730158730157,0.3492063492063492,0.3492063492063492,1,32,15.0,271.0,1.0,-0.2410310406993617
d98576714771498272ace4adcfdf0ab6dbd3c47c,app/src/androidTest/java/com/shehabic/droppy_samples/ApplicationTest.java,0,13,13,0.000925925925925926,1,2,1.0,0,19,23,2,23,0.30158730158730157,0.36507936507936506,0.36507936507936506,1,33,16.0,217.0,1.0,-0.05712320834078485
d98576714771498272ace4adcfdf0ab6dbd3c47c,app/src/main/AndroidManifest.xml,0,11,11,0.000925925925925926,1,2,1.0,0,19,24,2,24,0.30158730158730157,0.38095238095238093,0.38095238095238093,1,34,17.0,181.00000000000003,1.0,-0.050018253613340176
d98576714771498272ace4adcfdf0ab6dbd3c47c,app/src/main/res/mipmap-hdpi/ic_launcher.png,0,0,0,0.000925925925925926,1,2,0.0,1,19,25,2,25,0.30158730158730157,0.3968253968253968,0.3968253968253968,1,35,18.0,155.2857142857143,1.0,
d98576714771498272ace4adcfdf0ab6dbd3c47c,app/src/main/res/mipmap-mdpi/ic_launcher.png,0,0,0,0.000925925925925926,1,2,0.0,1,19,26,2,26,0.30158730158730157,0.4126984126984127,0.4126984126984127,1,36,19.0,136.00000000000003,1.0,
d98576714771498272ace4adcfdf0ab6dbd3c47c,app/src/main/res/mipmap-xhdpi/ic_launcher.png,0,0,0,0.000925925925925926,1,2,0.0,1,19,27,2,27,0.30158730158730157,0.42857142857142855,0.42857142857142855,1,37,20.0,121.00000000000003,1.0,
d98576714771498272ace4adcfdf0ab6dbd3c47c,app/src/main/res/mipmap-xxhdpi/ic_launcher.png,0,0,0,0.000925925925925926,1,2,0.0,1,19,28,2,28,0.30158730158730157,0.4444444444444444,0.4444444444444444,1,38,21.0,109.00000000000003,1.0,
d98576714771498272ace4adcfdf0ab6dbd3c47c,app/src/main/res/values/strings.xml,0,3,3,0.000925925925925926,1,2,1.0,0,19,29,2,29,0.30158730158730157,0.4603174603174603,0.4603174603174603,1,39,22.0,99.1818181818182,1.0,-0.01721175926200664
d98576714771498272ace4adcfdf0ab6dbd3c47c,app/src/main/res/values/styles.xml,0,8,8,0.000925925925925926,1,2,1.0,0,19,30,2,30,0.30158730158730157,0.47619047619047616,0.47619047619047616,1,40,23.0,91.00000000000003,1.0,-0.03871053263885532
d98576714771498272ace4adcfdf0ab6dbd3c47c,droppy/.gitignore,0,1,1,0.000925925925925926,1,2,1.0,0,19,31,2,31,0.30158730158730157,0.49206349206349204,0.49206349206349204,1,41,7.0,84.0769230769231,1.0,-0.00674357848461882
d98576714771498272ace4adcfdf0ab6dbd3c47c,droppy/build.gradle,0,24,24,0.000925925925925926,1,2,1.0,0,19,32,2,32,0.30158730158730157,0.5079365079365079,0.5079365079365079,1,42,8.0,78.14285714285717,1.0,-0.09197978838176737
d98576714771498272ace4adcfdf0ab6dbd3c47c,droppy/library.iml,0,94,94,0.000925925925925926,1,2,1.0,0,19,33,2,33,0.30158730158730157,0.5238095238095238,0.5238095238095238,1,43,9.0,73.00000000000003,1.0,-0.24270186831118626
d98576714771498272ace4adcfdf0ab6dbd3c47c,droppy/proguard-rules.pro,0,17,17,0.000925925925925926,1,2,1.0,0,19,34,2,34,0.30158730158730157,0.5396825396825397,0.5396825396825397,1,44,10.0,68.50000000000001,1.0,-0.0705221876980401
d98576714771498272ace4adcfdf0ab6dbd3c47c,droppy/src/androidTest/java/com/shehabic/droppy/ApplicationTest.java,0,13,13,0.000925925925925926,1,2,1.0,0,19,35,2,35,0.30158730158730157,0.5555555555555556,0.5555555555555556,1,45,11.0,64.52941176470591,1.0,-0.05712320834078485
d98576714771498272ace4adcfdf0ab6dbd3c47c,droppy/src/main/AndroidManifest.xml,0,10,10,0.000925925925925926,1,2,1.0,0,19,36,2,36,0.30158730158730157,0.5714285714285714,0.5714285714285714,1,46,12.0,61.000000000000014,1.0,-0.04634417789452241
d98576714771498272ace4adcfdf0ab6dbd3c47c,droppy/src/main/res/values/strings.xml,0,3,3,0.000925925925925926,1,2,1.0,0,19,37,2,37,0.30158730158730157,0.5873015873015873,0.5873015873015873,1,47,13.0,57.842105263157904,1.0,-0.01721175926200664
d98576714771498272ace4adcfdf0ab6dbd3c47c,library/.gitignore,1,0,0,0.0,1,0,1.0,0,0,0,1,0,0.0,0.0,0.0,1,48,13.0,57.842105263157904,1.0,-0.00674357848461882
d98576714771498272ace4adcfdf0ab6dbd3c47c,library/build.gradle,24,0,0,0.0,1,0,1.0,0,0,0,1,0,0.0,0.0,0.0,1,49,1.0,57.842105263157904,1.0,-0.09197978838176737
d98576714771498272ace4adcfdf0ab6dbd3c47c,library/library.iml,94,0,0,0.0,1,0,1.0,0,0,0,1,0,0.0,0.0,0.0,1,50,2.0,57.842105263157904,1.0,-0.24270186831118626
d98576714771498272ace4adcfdf0ab6dbd3c47c,library/proguard-rules.pro,17,0,0,0.0,1,0,1.0,0,0,0,1,0,0.0,0.0,0.0,1,51,3.0,57.842105263157904,1.0,-0.0705221876980401
d98576714771498272ace4adcfdf0ab6dbd3c47c,library/src/androidTest/java/com/shehabic/droppy/ApplicationTest.java,13,0,0,0.0,1,0,1.0,0,0,0,1,0,0.0,0.0,0.0,1,52,4.0,57.842105263157904,1.0,-0.05712320834078485
d98576714771498272ace4adcfdf0ab6dbd3c47c,library/src/main/AndroidManifest.xml,10,0,0,0.0,1,0,1.0,0,0,0,1,0,0.0,0.0,0.0,1,53,5.0,57.842105263157904,1.0,-0.04634417789452241
d98576714771498272ace4adcfdf0ab6dbd3c47c,library/src/main/java/com/shehabic/droppy/DroppyClickCallbackInterface.java,10,0,0,0.0,1,0,1.0,0,0,0,1,0,0.0,0.0,0.0,1,54,6.0,57.842105263157904,1.0,-0.04634417789452241
d98576714771498272ace4adcfdf0ab6dbd3c47c,library/src/main/java/com/shehabic/droppy/DroppyMenu.java,279,0,0,0.0,1,0,1.0,0,0,0,1,0,0.0,0.0,0.0,1,55,7.0,57.842105263157904,1.0,-0.44232833625605184
d98576714771498272ace4adcfdf0ab6dbd3c47c,library/src/main/java/com/shehabic/droppy/DroppyMenuCustomView.java,32,0,0,0.0,1,0,1.0,0,0,0,1,0,0.0,0.0,0.0,1,56,8.0,57.842105263157904,1.0,-0.11420720992050065
d98576714771498272ace4adcfdf0ab6dbd3c47c,library/src/main/java/com/shehabic/droppy/DroppyMenuItem.java,45,0,0,0.0,1,0,1.0,0,0,0,1,0,0.0,0.0,0.0,1,57,9.0,57.842105263157904,1.0,-0.14655094334128474
d98576714771498272ace4adcfdf0ab6dbd3c47c,library/src/main/java/com/shehabic/droppy/DroppyMenuItemAbstract.java,68,0,0,0.0,1,0,1.0,0,0,0,1,0,0.0,0.0,0.0,1,58,10.0,57.842105263157904,1.0,-0.19573954444295402
d98576714771498272ace4adcfdf0ab6dbd3c47c,library/src/main/java/com/shehabic/droppy/DroppyMenuItemInterface.java,52,0,0,0.0,1,0,1.0,0,0,0,1,0,0.0,0.0,0.0,1,59,11.0,57.842105263157904,1.0,-0.1624610873313934
d98576714771498272ace4adcfdf0ab6dbd3c47c,library/src/main/java/com/shehabic/droppy/DroppyMenuSeparator.java,34,0,0,0.0,1,0,1.0,0,0,0,1,0,0.0,0.0,0.0,1,60,12.0,57.842105263157904,1.0,-0.1194570738087786
d98576714771498272ace4adcfdf0ab6dbd3c47c,library/src/main/res/drawable-hdpi/bt_bg_popupmenu.9.png,0,0,0,0.0,1,0,1.0,0,0,0,1,0,0.0,0.0,0.0,1,61,13.0,57.842105263157904,1.0,
d98576714771498272ace4adcfdf0ab6dbd3c47c,library/src/main/res/drawable-mdpi/bt_bg_popupmenu.9.png,0,0,0,0.0,1,0,1.0,0,0,0,1,0,0.0,0.0,0.0,1,62,14.0,57.842105263157904,1.0,
d98576714771498272ace4adcfdf0ab6dbd3c47c,library/src/main/res/drawable-xhdpi/bt_bg_popupmenu.9.png,0,0,0,0.0,1,0,1.0,0,0,0,1,0,0.0,0.0,0.0,1,63,15.0,57.842105263157904,1.0,
d98576714771498272ace4adcfdf0ab6dbd3c47c,library/src/main/res/drawable-xxhdpi/bt_bg_popupmenu.9.png,0,0,0,0.0,1,0,1.0,0,0,0,1,0,0.0,0.0,0.0,1,64,16.0,57.842105263157904,1.0,
d98576714771498272ace4adcfdf0ab6dbd3c47c,library/src/main/res/drawable/droppy_list_item_normal.xml,5,0,0,0.0,1,0,1.0,0,0,0,1,0,0.0,0.0,0.0,1,65,17.0,57.842105263157904,1.0,-0.026346692121864378
d98576714771498272ace4adcfdf0ab6dbd3c47c,library/src/main/res/drawable/droppy_list_item_pressed.xml,5,0,0,0.0,1,0,1.0,0,0,0,1,0,0.0,0.0,0.0,1,66,18.0,57.842105263157904,1.0,-0.026346692121864378
d98576714771498272ace4adcfdf0ab6dbd3c47c,library/src/main/res/drawable/droppy_list_item_selector.xml,6,0,0,0.0,1,0,1.0,0,0,0,1,0,0.0,0.0,0.0,1,67,19.0,57.842105263157904,1.0,-0.030613994714489466
d98576714771498272ace4adcfdf0ab6dbd3c47c,library/src/main/res/layout/droppy_menu.xml,11,0,0,0.0,1,0,1.0,0,0,0,1,0,0.0,0.0,0.0,1,68,20.0,57.842105263157904,1.0,-0.050018253613340176
d98576714771498272ace4adcfdf0ab6dbd3c47c,library/src/main/res/layout/droppy_menu_item.xml,12,0,0,0.0,1,0,1.0,0,0,0,1,0,0.0,0.0,0.0,1,69,21.0,57.842105263157904,1.0,-0.05360894180993132
d98576714771498272ace4adcfdf0ab6dbd3c47c,library/src/main/res/layout/droppy_separator.xml,3,0,0,0.0,1,0,1.0,0,0,0,1,0,0.0,0.0,0.0,1,70,22.0,57.842105263157904,1.0,-0.01721175926200664
d98576714771498272ace4adcfdf0ab6dbd3c47c,library/src/main/res/values/strings.xml,3,0,0,0.0,1,0,1.0,0,0,0,1,0,0.0,0.0,0.0,1,71,23.0,57.842105263157904,1.0,-0.01721175926200664
d98576714771498272ace4adcfdf0ab6dbd3c47c,library/src/main/res/values/styles.xml,66,0,0,0.0,1,0,1.0,0,0,0,1,0,0.0,0.0,0.0,1,72,24.0,57.842105263157904,1.0,-0.1917872835545831
d98576714771498272ace4adcfdf0ab6dbd3c47c,samples/.gitignore,1,0,0,0.0,1,0,1.0,0,0,0,1,0,0.0,0.0,0.0,1,73,24.0,57.842105263157904,1.0,-0.00674357848461882
d98576714771498272ace4adcfdf0ab6dbd3c47c,samples/build.gradle,26,0,0,0.0,1,0,1.0,0,0,0,1,0,0.0,0.0,0.0,1,74,1.0,57.842105263157904,1.0,-0.0977384801736332
d98576714771498272ace4adcfdf0ab6dbd3c47c,samples/proguard-rules.pro,17,0,0,0.0,1,0,1.0,0,0,0,1,0,0.0,0.0,0.0,1,75,2.0,57.842105263157904,1.0,-0.0705221876980401
d98576714771498272ace4adcfdf0ab6dbd3c47c,samples/samples.iml,94,0,0,0.0,1,0,1.0,0,0,0,1,0,0.0,0.0,0.0,1,76,3.0,57.842105263157904,1.0,-0.24270186831118626
d98576714771498272ace4adcfdf0ab6dbd3c47c,samples/src/androidTest/java/com/shehabic/droppy_samples/ApplicationTest.java,13,0,0,0.0,1,0,1.0,0,0,0,1,0,0.0,0.0,0.0,1,77,4.0,57.842105263157904,1.0,-0.05712320834078485
d98576714771498272ace4adcfdf0ab6dbd3c47c,samples/src/main/AndroidManifest.xml,20,0,0,0.0,1,0,1.0,0,0,0,1,0,0.0,0.0,0.0,1,78,5.0,57.842105263157904,1.0,-0.0799899430906321
d98576714771498272ace4adcfdf0ab6dbd3c47c,samples/src/main/java/com/shehabic/droppy_samples/MainActivity.java,123,0,0,0.0,1,0,1.0,0,0,0,1,0,0.0,0.0,0.0,1,79,6.0,57.842105263157904,1.0,-0.2872828303340028
d98576714771498272ace4adcfdf0ab6dbd3c47c,samples/src/main/res/drawable-hdpi/ic_launcher.png,0,0,0,0.0,1,0,1.0,0,0,0,1,0,0.0,0.0,0.0,1,80,7.0,57.842105263157904,1.0,
d98576714771498272ace4adcfdf0ab6dbd3c47c,samples/src/main/res/drawable-mdpi/ic_launcher.png,0,0,0,0.0,1,0,1.0,0,0,0,1,0,0.0,0.0,0.0,1,81,8.0,57.842105263157904,1.0,
d98576714771498272ace4adcfdf0ab6dbd3c47c,samples/src/main/res/drawable-xhdpi/ic_launcher.png,0,0,0,0.0,1,0,1.0,0,0,0,1,0,0.0,0.0,0.0,1,82,9.0,57.842105263157904,1.0,
d98576714771498272ace4adcfdf0ab6dbd3c47c,samples/src/main/res/drawable-xxhdpi/ic_launcher.png,0,0,0,0.0,1,0,1.0,0,0,0,1,0,0.0,0.0,0.0,1,83,10.0,57.842105263157904,1.0,
d98576714771498272ace4adcfdf0ab6dbd3c47c,samples/src/main/res/layout/activity_main.xml,34,0,0,0.0,1,0,1.0,0,0,0,1,0,0.0,0.0,0.0,1,84,11.0,57.842105263157904,1.0,-0.1194570738087786
d98576714771498272ace4adcfdf0ab6dbd3c47c,samples/src/main/res/layout/slider.xml,11,0,0,0.0,1,0,1.0,0,0,0,1,0,0.0,0.0,0.0,1,85,12.0,57.842105263157904,1.0,-0.050018253613340176
d98576714771498272ace4adcfdf0ab6dbd3c47c,samples/src/main/res/menu/menu_main.xml,9,0,0,0.0,1,0,1.0,0,0,0,1,0,0.0,0.0,0.0,1,86,13.0,57.842105263157904,1.0,-0.042578349210470455
d98576714771498272ace4adcfdf0ab6dbd3c47c,samples/src/main/res/values-w820dp/dimens.xml,6,0,0,0.0,1,0,1.0,0,0,0,1,0,0.0,0.0,0.0,1,87,14.0,57.842105263157904,1.0,-0.030613994714489466
d98576714771498272ace4adcfdf0ab6dbd3c47c,samples/src/main/res/values/dimens.xml,5,0,0,0.0,1,0,1.0,0,0,0,1,0,0.0,0.0,0.0,1,88,15.0,57.842105263157904,1.0,-0.026346692121864378
d98576714771498272ace4adcfdf0ab6dbd3c47c,samples/src/main/res/values/strings.xml,7,0,0,0.0,1,0,1.0,0,0,0,1,0,0.0,0.0,0.0,1,89,16.0,57.842105263157904,1.0,-0.03472791640540906
d98576714771498272ace4adcfdf0ab6dbd3c47c,samples/src/main/res/values/styles.xml,7,0,0,0.0,1,0,1.0,0,0,0,1,0,0.0,0.0,0.0,1,90,17.0,57.842105263157904,1.0,-0.03472791640540906
d98576714771498272ace4adcfdf0ab6dbd3c47c,settings.gradle,1,1,1,0.000925925925925926,1,2,1.0,0,19,38,2,38,0.30158730158730157,0.6031746031746031,0.6031746031746031,1,91,8.0,55.0,1.0,-0.01221731569939637
a9db7d80a4cbc975c08ac15de851c2ac12819cfb,README.md,55,0,77,1.2286574074074075,1,2,1.0,0,3,3,2,3,0.75,0.75,0.75,1,92,9.0,1.8138965296356306,1.0,-0.530123292644479
a9db7d80a4cbc975c08ac15de851c2ac12819cfb,library/src/main/java/com/shehabic/droppy/DroppyMenu.java,46,0,279,1.2286574074074075,1,2,1.0,0,3,4,2,4,0.75,1.0,1.0,1,93,25.0,1.4069482648178153,1.0,-0.5189089456712882
a9db7d80a4cbc975c08ac15de851c2ac12819cfb,library/src/main/java/com/shehabic/droppy/DroppyMenuItem.java,10,0,45,1.2286574074074075,1,2,1.0,0,3,5,2,5,0.75,1.25,1.25,1,94,26.0,1.2712988432118768,1.0,-0.253037748662692
a9db7d80a4cbc975c08ac15de851c2ac12819cfb,samples/src/main/java/com/shehabic/droppy_samples/MainActivity.java,16,2,123,1.2286574074074075,1,2,1.0,0,3,6,2,6,0.75,1.5,1.5,1,95,18.0,1.2034741324089075,1.0,-0.3582453723190297
a9db7d80a4cbc975c08ac15de851c2ac12819cfb,samples/src/main/res/menu/droppy.xml,28,0,0,0.0,1,0,1.0,0,0,0,1,0,0.0,0.0,0.0,1,96,19.0,1.2034741324089075,1.0,-0.44358880988122695
c95da83b12a94d4517b1b47282dd962b592916cf,README.md,4,0,132,0.013587962962962963,1,3,1.0,0,0,0,3,0,0.0,0.0,0.0,1,97,10.0,74.59454855195911,1.0,0.0
262abd947dc99cf4b1fcf341491b9f6e86086ddc,library/src/main/java/com/shehabic/droppy/DroppyMenu.java,32,45,325,1.2809375,1,3,1.0,0,0,0,3,0,0.0,0.0,0.0,1,98,27.0,1.780678214198585,1.0,0.0
5a70f57f7b94641c76c8650eedc2c801638f16ad,README.md,12,4,136,1.9479050925925927,1,4,1.0,0,0,0,4,0,0.0,0.0,0.0,1,99,11.0,1.513372034296104,1.0,0.0
88f2bb4cd7053d59694f36a8c48dc2f593892a09,README.md,1,1,144,0.3783449074074074,1,5,1.0,0,0,0,5,0,0.0,0.0,0.0,1,100,12.0,3.6430909480253297,1.0,0.0
643431c22548cf5e4366eab30716dfde9c971e16,build.gradle,1,1,19,4.153969907407407,1,2,1.0,0,0,0,2,0,0.0,0.0,0.0,1,101,13.0,1.2407335686801169,1.0,-0.08569340279780989
643431c22548cf5e4366eab30716dfde9c971e16,library/build.gradle,137,0,24,4.153043981481481,1,2,1.0,0,1,1,2,1,0.5,0.5,0.5,1,102,28.0,1.1203802008008628,1.0,-0.06839812383336558
643431c22548cf5e4366eab30716dfde9c971e16,library/library.iml,4,1,94,4.153043981481481,1,2,1.0,0,1,2,2,2,0.5,1.0,1.0,1,103,29.0,1.0802564490794195,1.0,-0.1683332259220469
17b7ad2c9ba47793525602d58a728e6e2171053a,README.md,0,6,144,0.5975347222222223,1,6,1.0,0,0,0,6,0,0.0,0.0,0.0,1,104,14.0,2.6735429135917252,1.0,0.0
dd1ce49403fb36bc746ebfbec6a8b61af6e1ed61,README.md,10,1,138,0.001585648148148148,1,7,1.0,0,0,0,7,0,0.0,0.0,0.0,1,105,15.0,631.6569343065694,1.0,0.0
d145b08309f4e079ab7f67f99bf5b9750041d735,README.md,1,1,147,0.0001273148148148148,1,8,1.0,0,0,0,8,0,0.0,0.0,0.0,1,106,16.0,7855.545454545455,1.0,0.0
d2b48aca4e623b088dc9230824cd48283b939991,README.md,2,4,147,0.0007523148148148148,1,9,1.0,0,0,0,9,0,0.0,0.0,0.0,1,107,17.0,1330.2307692307693,1.0,0.0
30c5577cffcefe40beffa3ad874966726cc537e4,README.md,1,1,145,1.4219675925925925,1,10,1.0,0,0,0,10,0,0.0,0.0,0.0,1,108,18.0,1.7032509075518079,1.0,0.0
f359d41451aad91bf94282a794fa664adbe9137c,README.md,1,1,145,0.0002314814814814815,1,11,1.0,0,0,0,11,0,0.0,0.0,0.0,1,109,19.0,4321.0,1.0,0.0
4ca01cd533b3620979e9fc9ca447b555e9e8b5e2,library/build.gradle,3,3,161,3.784224537037037,1,3,1.0,0,8,12,3,12,0.4444444444444444,0.6666666666666666,0.6666666666666666,1,110,30.0,1.2642549326058168,1.0,-0.03863762262622193
4ca01cd533b3620979e9fc9ca447b555e9e8b5e2,library/src/main/java/com/shehabic/droppy/DroppyMenu.java,0,312,312,5.4276736111111115,1,4,1.0,0,10,16,4,16,0.5555555555555556,0.8888888888888888,0.8888888888888888,1,111,31.0,1.1085552601556965,1.0,-0.5070134778641984
4ca01cd533b3620979e9fc9ca447b555e9e8b5e2,library/src/main/java/com/shehabic/droppy/DroppyMenuItem.java,14,3,55,6.708611111111111,1,3,1.0,0,10,20,3,20,0.5555555555555556,1.1111111111111112,1.1111111111111112,1,112,32.0,1.0628120610789136,1.0,-0.08790020178584154
4ca01cd533b3620979e9fc9ca447b555e9e8b5e2,library/src/main/java/com/shehabic/droppy/DroppyMenuPopup.java,313,0,0,0.0,1,0,1.0,0,0,0,1,0,0.0,0.0,0.0,1,113,33.0,1.0628120610789136,1.0,-0.5074180779999593
4ca01cd533b3620979e9fc9ca447b555e9e8b5e2,library/src/main/java/com/shehabic/droppy/views/DroppyMenuContainer.java,40,0,0,0.0,1,0,1.0,0,0,0,1,0,0.0,0.0,0.0,1,114,34.0,1.0628120610789136,1.0,-0.1651190969845131
4ca01cd533b3620979e9fc9ca447b555e9e8b5e2,library/src/main/java/com/shehabic/droppy/views/DroppyMenuItem.java,68,0,0,0.0,1,0,1.0,0,0,0,1,0,0.0,0.0,0.0,1,115,35.0,1.0628120610789136,1.0,-0.2367359422785013
4ca01cd533b3620979e9fc9ca447b555e9e8b5e2,library/src/main/java/com/shehabic/droppy/views/DroppyMenuItemIcon.java,50,0,0,0.0,1,0,1.0,0,0,0,1,0,0.0,0.0,0.0,1,116,36.0,1.0628120610789136,1.0,-0.19280393479114125
4ca01cd533b3620979e9fc9ca447b555e9e8b5e2,library/src/main/java/com/shehabic/droppy/views/DroppyMenuItemTitle.java,58,0,0,0.0,1,0,1.0,0,0,0,1,0,0.0,0.0,0.0,1,117,37.0,1.0628120610789136,1.0,-0.21316334247388508
4ca01cd533b3620979e9fc9ca447b555e9e8b5e2,library/src/main/java/com/shehabic/droppy/views/DroppyMenuPopup.java,48,0,0,0.0,1,0,1.0,0,0,0,1,0,0.0,0.0,0.0,1,118,38.0,1.0628120610789136,1.0,-0.18747935938815383
4ca01cd533b3620979e9fc9ca447b555e9e8b5e2,library/src/main/res/layout/droppy_menu.xml,2,2,11,7.937268518518518,1,2,1.0,0,8,16,2,16,0.4444444444444444,0.8888888888888888,0.8888888888888888,1,119,39.0,1.0419150521609537,1.0,-0.027734639748746452
4ca01cd533b3620979e9fc9ca447b555e9e8b5e2,library/src/main/res/layout/droppy_menu_item.xml,3,3,12,7.937268518518518,1,2,1.0,0,8,17,2,17,0.4444444444444444,0.9444444444444444,0.9444444444444444,1,120,40.0,1.0314514402866741,1.0,-0.03863762262622193
4ca01cd533b3620979e9fc9ca447b555e9e8b5e2,library/src/main/res/layout/droppy_separator.xml,1,1,3,7.937268518518518,1,2,1.0,0,8,18,2,18,0.4444444444444444,1.0,1.0,1,121,41.0,1.0251684303988031,1.0,-0.015556509063562415
4ca01cd533b3620979e9fc9ca447b555e9e8b5e2,library/src/main/res/values/colors.xml,4,0,0,0.0,1,0,1.0,0,0,0,1,0,0.0,0.0,0.0,1,122,42.0,1.0251684303988031,1.0,-0.027734639748746452
4ca01cd533b3620979e9fc9ca447b555e9e8b5e2,library/src/main/res/values/droppy__attr.xml,57,0,0,0.0,1,0,1.0,0,0,0,1,0,0.0,0.0,0.0,1,123,43.0,1.0251684303988031,1.0,-0.21069603972420595
4ca01cd533b3620979e9fc9ca447b555e9e8b5e2,library/src/main/res/values/droppy__defaults.xml,38,0,0,0.0,1,0,1.0,0,0,0,1,0,0.0,0.0,0.0,1,124,44.0,1.0251684303988031,1.0,-0.15923816079648975
4ca01cd533b3620979e9fc9ca447b555e9e8b5e2,library/src/main/res/values/droppy__styles.xml,72,0,0,0.0,1,0,1.0,0,0,0,1,0,0.0,0.0,0.0,1,125,45.0,1.0251684303988031,1.0,-0.24564699511945767
4ca01cd533b3620979e9fc9ca447b555e9e8b5e2,library/src/main/res/values/styles.xml,0,66,66,7.937268518518518,1,2,1.0,0,8,19,2,19,0.4444444444444444,1.0555555555555556,1.0555555555555556,1,126,46.0,1.0209777373762094,1.0,-0.2321739106873756
4ca01cd533b3620979e9fc9ca447b555e9e8b5e2,samples/src/main/java/com/shehabic/droppy_samples/MainActivity.java,5,6,137,6.708611111111111,1,3,1.0,0,10,26,3,26,0.5555555555555556,1.4444444444444444,1.4444444444444444,1,127,20.0,1.0183897242307605,1.0,-0.06271135068995624
4ca01cd533b3620979e9fc9ca447b555e9e8b5e2,samples/src/main/res/values/styles.xml,10,2,7,7.937268518518518,1,2,1.0,0,8,21,2,21,0.4444444444444444,1.1666666666666667,1.1666666666666667,1,128,21.0,1.0160473813793913,1.0,-0.06714011011730872
299aeaab44ba285f44c8b7af4a04b485425d3b21,library/src/main/java/com/shehabic/droppy/views/DroppyMenuContainer.java,2,2,40,0.04902777777777778,1,2,1.0,0,6,7,2,7,0.8571428571428571,1.0,1.0,1,129,47.0,21.396600566572236,1.0,-0.32756604923103255
299aeaab44ba285f44c8b7af4a04b485425d3b21,library/src/main/java/com/shehabic/droppy/views/DroppyMenuItem.java,6,6,68,0.04902777777777778,1,2,1.0,0,6,8,2,8,0.8571428571428571,1.1428571428571428,1.1428571428571428,1,130,48.0,11.198300283286118,1.0,-0.5188066840673935
299aeaab44ba285f44c8b7af4a04b485425d3b21,library/src/main/java/com/shehabic/droppy/views/DroppyMenuItemIcon.java,2,2,50,0.04902777777777778,1,2,1.0,0,6,9,2,9,0.8571428571428571,1.2857142857142858,1.2857142857142858,1,131,49.0,7.7988668555240785,1.0,-0.32756604923103255
299aeaab44ba285f44c8b7af4a04b485425d3b21,library/src/main/java/com/shehabic/droppy/views/DroppyMenuItemTitle.java,3,3,58,0.04902777777777778,1,2,1.0,0,6,10,2,10,0.8571428571428571,1.4285714285714286,1.4285714285714286,1,132,50.0,6.099150141643059,1.0,-0.40574480544833086
299aeaab44ba285f44c8b7af4a04b485425d3b21,library/src/main/java/com/shehabic/droppy/views/DroppyMenuPopup.java,2,2,48,0.04902777777777778,1,2,1.0,0,6,11,2,11,0.8571428571428571,1.5714285714285714,1.5714285714285714,1,133,51.0,5.079320113314448,1.0,-0.32756604923103255
299aeaab44ba285f44c8b7af4a04b485425d3b21,library/src/main/res/values/droppy__styles.xml,1,1,72,0.04902777777777778,1,2,1.0,0,6,12,2,12,0.8571428571428571,1.7142857142857142,1.7142857142857142,1,134,52.0,4.399433427762039,1.0,-0.21256351242039434
299aeaab44ba285f44c8b7af4a04b485425d3b21,samples/src/main/res/values/colors.xml,4,0,0,0.0,1,0,1.0,0,0,0,1,0,0.0,0.0,0.0,1,135,22.0,4.399433427762039,1.0,-0.32756604923103255
299aeaab44ba285f44c8b7af4a04b485425d3b21,samples/src/main/res/values/styles.xml,3,2,15,0.04902777777777778,1,3,1.0,0,6,12,3,12,0.8571428571428571,1.7142857142857142,1.7142857142857142,1,136,23.0,3.913800080938891,1.0,-0.3701980377720392
01db565ac3f4f27f937cc845d1840c2c3e8fefb2,library/build.gradle,3,3,161,0.0,1,4,1.0,0,28,60,4,60,0.7,1.5,1.5,1,137,53.0,0.0,1.0,-0.03545736142711589
01db565ac3f4f27f937cc845d1840c2c3e8fefb2,library/src/main/java/com/shehabic/droppy/DroppyMenu.java,0,312,0,0.0,1,5,1.0,0,31,67,5,67,0.775,1.675,1.675,1,138,54.0,0.0,1.0,-0.49231076376928107
01db565ac3f4f27f937cc845d1840c2c3e8fefb2,library/src/main/java/com/shehabic/droppy/DroppyMenuItem.java,15,6,66,0.0,1,4,1.0,0,31,73,4,73,0.775,1.825,1.825,1,139,55.0,0.0,1.0,-0.09525999496207149
01db565ac3f4f27f937cc845d1840c2c3e8fefb2,library/src/main/java/com/shehabic/droppy/DroppyMenuItemAbstract.java,1,1,68,7.937268518518518,1,2,1.0,0,10,28,2,28,0.25,0.7,0.7,1,140,56.0,1.1259879261570767,1.0,-0.014227878075585473
01db565ac3f4f27f937cc845d1840c2c3e8fefb2,library/src/main/java/com/shehabic/droppy/DroppyMenuPopup.java,313,0,313,0.0,1,2,1.0,0,18,42,2,42,0.45,1.05,1.05,1,141,57.0,1.1259879261570767,1.0,-0.49279065508299474
01db565ac3f4f27f937cc845d1840c2c3e8fefb2,library/src/main/java/com/shehabic/droppy/DroppyMenuSeparator.java,1,11,34,7.937268518518518,1,2,1.0,0,10,29,2,29,0.25,0.725,0.725,1,142,58.0,1.0629939630785383,1.0,-0.06179618182079713
01db565ac3f4f27f937cc845d1840c2c3e8fefb2,library/src/main/java/com/shehabic/droppy/views/DroppyMenuContainer.java,40,0,40,-0.04902777777777778,1,3,1.0,0,25,56,3,56,0.625,1.4,1.4,1,143,59.0,1.0631891197697108,1.0,-0.15319196592242793
01db565ac3f4f27f937cc845d1840c2c3e8fefb2,library/src/main/java/com/shehabic/droppy/views/DroppyMenuItem.java,68,0,68,-0.04902777777777778,1,3,1.0,0,25,58,3,58,0.625,1.45,1.45,1,144,60.0,1.0633854894181447,1.0,-0.220869835417153
01db565ac3f4f27f937cc845d1840c2c3e8fefb2,library/src/main/java/com/shehabic/droppy/views/DroppyMenuItemIcon.java,54,0,50,-0.04902777777777778,1,3,1.0,0,25,60,3,60,0.625,1.5,1.5,1,145,61.0,1.0635830833674307,1.0,-0.1890433424505135
01db565ac3f4f27f937cc845d1840c2c3e8fefb2,library/src/main/java/com/shehabic/droppy/views/DroppyMenuItemTitle.java,58,0,58,-0.04902777777777778,1,3,1.0,0,25,62,3,62,0.625,1.55,1.55,1,146,62.0,1.063781913103049,1.0,-0.19850291881401583
01db565ac3f4f27f937cc845d1840c2c3e8fefb2,library/src/main/java/com/shehabic/droppy/views/DroppyMenuPopup.java,48,0,48,-0.04902777777777778,1,3,1.0,0,25,64,3,64,0.625,1.6,1.6,1,147,63.0,1.063981990254595,1.0,-0.1742363990157113
01db565ac3f4f27f937cc845d1840c2c3e8fefb2,library/src/main/java/com/shehabic/droppy/views/DroppyMenuSeparator.java,51,0,0,0.0,1,0,1.0,0,0,0,1,0,0.0,0.0,0.0,1,148,64.0,1.063981990254595,1.0,-0.18173665655011478
01db565ac3f4f27f937cc845d1840c2c3e8fefb2,library/src/main/res/drawable/droppy_separator_background.xml,5,0,0,0.0,1,0,1.0,0,0,0,1,0,0.0,0.0,0.0,1,149,65.0,1.063981990254595,1.0,-0.03054717203209681
01db565ac3f4f27f937cc845d1840c2c3e8fefb2,library/src/main/res/layout/droppy_menu.xml,0,11,11,0.0,1,3,1.0,0,28,76,3,76,0.7,1.9,1.9,1,150,66.0,1.063981990254595,1.0,-0.057695770293371876
01db565ac3f4f27f937cc845d1840c2c3e8fefb2,library/src/main/res/layout/droppy_menu_item.xml,0,12,12,0.0,1,3,1.0,0,28,78,3,78,0.7,1.95,1.95,1,151,67.0,1.063981990254595,1.0,-0.06179618182079713
01db565ac3f4f27f937cc845d1840c2c3e8fefb2,library/src/main/res/layout/droppy_separator.xml,0,3,3,0.0,1,3,1.0,0,28,80,3,80,0.7,2.0,2.0,1,152,68.0,1.063981990254595,1.0,-0.02000831597191661
01db565ac3f4f27f937cc845d1840c2c3e8fefb2,library/src/main/res/values/colors.xml,5,0,4,0.0,1,2,1.0,0,18,51,2,51,0.45,1.275,1.275,1,153,69.0,1.063981990254595,1.0,-0.03054717203209681
01db565ac3f4f27f937cc845d1840c2c3e8fefb2,library/src/main/res/values/droppy__attr.xml,71,0,57,0.0,1,2,1.0,0,18,52,2,52,0.45,1.3,1.3,1,154,70.0,1.063981990254595,1.0,-0.22725377085894358
01db565ac3f4f27f937cc845d1840c2c3e8fefb2,library/src/main/res/values/droppy__defaults.xml,49,0,38,0.0,1,2,1.0,0,18,53,2,53,0.45,1.325,1.325,1,155,71.0,1.063981990254595,1.0,-0.17675871014542674
01db565ac3f4f27f937cc845d1840c2c3e8fefb2,library/src/main/res/values/droppy__styles.xml,70,0,72,-0.04902777777777778,1,3,1.0,0,25,72,3,72,0.625,1.8,1.8,1,156,72.0,1.064183326598046,1.0,-0.225141529616504
01db565ac3f4f27f937cc845d1840c2c3e8fefb2,library/src/main/res/values/styles.xml,0,66,0,0.0,1,3,1.0,0,28,86,3,86,0.7,2.15,2.15,1,157,73.0,1.064183326598046,1.0,-0.21653364528029484
01db565ac3f4f27f937cc845d1840c2c3e8fefb2,samples/src/main/java/com/shehabic/droppy_samples/MainActivity.java,5,6,136,0.0,1,4,1.0,0,31,96,4,96,0.775,2.4,2.4,1,158,24.0,1.064183326598046,1.0,-0.057695770293371876
01db565ac3f4f27f937cc845d1840c2c3e8fefb2,samples/src/main/res/drawable-hdpi/droppy1.png,0,0,0,0.0,1,0,1.0,0,0,0,1,0,0.0,0.0,0.0,1,159,25.0,1.064183326598046,1.0,
01db565ac3f4f27f937cc845d1840c2c3e8fefb2,samples/src/main/res/drawable-hdpi/droppy2.png,0,0,0,0.0,1,0,1.0,0,0,0,1,0,0.0,0.0,0.0,1,160,26.0,1.064183326598046,1.0,
01db565ac3f4f27f937cc845d1840c2c3e8fefb2,samples/src/main/res/drawable-hdpi/droppy3.png,0,0,0,0.0,1,0,1.0,0,0,0,1,0,0.0,0.0,0.0,1,161,27.0,1.064183326598046,1.0,
01db565ac3f4f27f937cc845d1840c2c3e8fefb2,samples/src/main/res/drawable-hdpi/droppy4.png,0,0,0,0.0,1,0,1.0,0,0,0,1,0,0.0,0.0,0.0,1,162,28.0,1.064183326598046,1.0,
01db565ac3f4f27f937cc845d1840c2c3e8fefb2,samples/src/main/res/drawable-mdpi/droppy1.png,0,0,0,0.0,1,0,1.0,0,0,0,1,0,0.0,0.0,0.0,1,163,29.0,1.064183326598046,1.0,
01db565ac3f4f27f937cc845d1840c2c3e8fefb2,samples/src/main/res/drawable-mdpi/droppy2.png,0,0,0,0.0,1,0,1.0,0,0,0,1,0,0.0,0.0,0.0,1,164,30.0,1.064183326598046,1.0,
01db565ac3f4f27f937cc845d1840c2c3e8fefb2,samples/src/main/res/drawable-mdpi/droppy3.png,0,0,0,0.0,1,0,1.0,0,0,0,1,0,0.0,0.0,0.0,1,165,31.0,1.064183326598046,1.0,
01db565ac3f4f27f937cc845d1840c2c3e8fefb2,samples/src/main/res/drawable-mdpi/droppy4.png,0,0,0,0.0,1,0,1.0,0,0,0,1,0,0.0,0.0,0.0,1,166,32.0,1.064183326598046,1.0,
01db565ac3f4f27f937cc845d1840c2c3e8fefb2,samples/src/main/res/drawable-xhdpi/droppy1.png,0,0,0,0.0,1,0,1.0,0,0,0,1,0,0.0,0.0,0.0,1,167,33.0,1.064183326598046,1.0,
01db565ac3f4f27f937cc845d1840c2c3e8fefb2,samples/src/main/res/drawable-xhdpi/droppy2.png,0,0,0,0.0,1,0,1.0,0,0,0,1,0,0.0,0.0,0.0,1,168,34.0,1.064183326598046,1.0,
01db565ac3f4f27f937cc845d1840c2c3e8fefb2,samples/src/main/res/drawable-xhdpi/droppy3.png,0,0,0,0.0,1,0,1.0,0,0,0,1,0,0.0,0.0,0.0,1,169,35.0,1.064183326598046,1.0,
01db565ac3f4f27f937cc845d1840c2c3e8fefb2,samples/src/main/res/drawable-xhdpi/droppy4.png,0,0,0,0.0,1,0,1.0,0,0,0,1,0,0.0,0.0,0.0,1,170,36.0,1.064183326598046,1.0,
01db565ac3f4f27f937cc845d1840c2c3e8fefb2,samples/src/main/res/drawable-xxhdpi/droppy1.png,0,0,0,0.0,1,0,1.0,0,0,0,1,0,0.0,0.0,0.0,1,171,37.0,1.064183326598046,1.0,
01db565ac3f4f27f937cc845d1840c2c3e8fefb2,samples/src/main/res/drawable-xxhdpi/droppy2.png,0,0,0,0.0,1,0,1.0,0,0,0,1,0,0.0,0.0,0.0,1,172,38.0,1.064183326598046,1.0,
01db565ac3f4f27f937cc845d1840c2c3e8fefb2,samples/src/main/res/drawable-xxhdpi/droppy3.png,0,0,0,0.0,1,0,1.0,0,0,0,1,0,0.0,0.0,0.0,1,173,39.0,1.064183326598046,1.0,
01db565ac3f4f27f937cc845d1840c2c3e8fefb2,samples/src/main/res/drawable-xxhdpi/droppy4.png,0,0,0,0.0,1,0,1.0,0,0,0,1,0,0.0,0.0,0.0,1,174,40.0,1.064183326598046,1.0,
01db565ac3f4f27f937cc845d1840c2c3e8fefb2,samples/src/main/res/menu/droppy.xml,4,2,28,6.708611111111111,1,2,1.0,0,3,13,2,13,0.075,0.325,0.325,1,175,41.0,1.044865217409366,1.0,-0.03545736142711589
01db565ac3f4f27f937cc845d1840c2c3e8fefb2,samples/src/main/res/values/colors.xml,4,0,4,-0.04902777777777778,1,2,1.0,0,7,21,2,21,0.175,0.525,0.525,1,176,42.0,1.0449641223773531,1.0,-0.025416242473359395
01db565ac3f4f27f937cc845d1840c2c3e8fefb2,samples/src/main/res/values/styles.xml,16,2,16,-0.04902777777777778,1,4,1.0,0,35,108,4,108,0.875,2.7,2.7,1,177,43.0,1.0450634643790004,1.0,-0.0846932658824261
23a2b63984a4f81946bf961e0af888472f13d911,README.md,0,6,145,-1.4246643518518518,1,12,1.0,0,0,0,12,0,0.0,0.0,0.0,1,178,20.0,0.2980802820677385,1.0,0.0
d182837d7f3112b3765a196173c4632d99bb8748,README.md,10,1,139,0.001585648148148148,1,13,1.0,0,0,0,13,0,0.0,0.0,0.0,1,179,21.0,631.6569343065694,1.0,0.0
307dbb3323931d32dd1845c5d88021f21311cee3,README.md,1,1,148,0.0001273148148148148,1,14,1.0,0,0,0,14,0,0.0,0.0,0.0,1,180,22.0,7855.545454545455,1.0,0.0
092b8c4b665e5d9a95c5e3d87d2f03fcb7dd7569,README.md,2,4,148,0.0007523148148148148,1,15,1.0,0,0,0,15,0,0.0,0.0,0.0,1,181,23.0,1330.2307692307693,1.0,0.0
0918eaa133f09fedc118aa435fecb2e20f2076fa,README.md,1,1,146,1.4219675925925925,1,16,1.0,0,0,0,16,0,0.0,0.0,0.0,1,182,24.0,1.7032509075518079,1.0,0.0
d95bee18aece9b1ea01964e55b834f54018746c9,README.md,1,1,146,0.0002314814814814815,1,17,1.0,0,0,0,17,0,0.0,0.0,0.0,1,183,25.0,4321.0,1.0,0.0
94779e7b2a55eb25ffe0c1c074e1773ad9e6abd9,library/src/main/java/com/shehabic/droppy/DroppyMenuItemAbstract.java,1,1,68,0.0,1,3,1.0,0,21,24,3,24,1.05,1.2,1.2,1,184,74.0,0.0,1.0,-0.13810335561693646
94779e7b2a55eb25ffe0c1c074e1773ad9e6abd9,library/src/main/java/com/shehabic/droppy/DroppyMenuSeparator.java,1,11,24,0.0,1,3,1.0,0,21,26,3,26,1.05,1.3,1.3,1,185,75.0,0.0,1.0,-0.42046815990354147
94779e7b2a55eb25ffe0c1c074e1773ad9e6abd9,library/src/main/java/com/shehabic/droppy/views/DroppyMenuSeparator.java,51,0,51,0.0,1,2,1.0,0,20,25,2,25,1.0,1.25,1.25,1,186,76.0,0.0,1.0,-0.38619224664574453
94779e7b2a55eb25ffe0c1c074e1773ad9e6abd9,library/src/main/res/drawable/droppy_separator_background.xml,5,0,5,0.0,1,2,1.0,0,20,26,2,26,1.0,1.3,1.3,1,187,77.0,0.0,1.0,-0.2582894354313304
94779e7b2a55eb25ffe0c1c074e1773ad9e6abd9,samples/src/main/res/drawable-hdpi/droppy1.png,0,0,0,0.0,1,2,0.0,1,20,27,2,27,1.0,1.35,1.35,1,188,44.0,0.0,1.0,
94779e7b2a55eb25ffe0c1c074e1773ad9e6abd9,samples/src/main/res/drawable-hdpi/droppy2.png,0,0,0,0.0,1,2,0.0,1,20,28,2,28,1.0,1.4,1.4,1,189,45.0,0.0,1.0,
94779e7b2a55eb25ffe0c1c074e1773ad9e6abd9,samples/src/main/res/drawable-hdpi/droppy3.png,0,0,0,0.0,1,2,0.0,1,20,29,2,29,1.0,1.45,1.45,1,190,46.0,0.0,1.0,
94779e7b2a55eb25ffe0c1c074e1773ad9e6abd9,samples/src/main/res/drawable-hdpi/droppy4.png,0,0,0,0.0,1,2,0.0,1,20,30,2,30,1.0,1.5,1.5,1,191,47.0,0.0,1.0,
94779e7b2a55eb25ffe0c1c074e1773ad9e6abd9,samples/src/main/res/drawable-mdpi/droppy1.png,0,0,0,0.0,1,2,0.0,1,20,31,2,31,1.0,1.55,1.55,1,192,48.0,0.0,1.0,
94779e7b2a55eb25ffe0c1c074e1773ad9e6abd9,samples/src/main/res/drawable-mdpi/droppy2.png,0,0,0,0.0,1,2,0.0,1,20,32,2,32,1.0,1.6,1.6,1,193,49.0,0.0,1.0,
94779e7b2a55eb25ffe0c1c074e1773ad9e6abd9,samples/src/main/res/drawable-mdpi/droppy3.png,0,0,0,0.0,1,2,0.0,1,20,33,2,33,1.0,1.65,1.65,1,194,50.0,0.0,1.0,
94779e7b2a55eb25ffe0c1c074e1773ad9e6abd9,samples/src/main/res/drawable-mdpi/droppy4.png,0,0,0,0.0,1,2,0.0,1,20,34,2,34,1.0,1.7,1.7,1,195,51.0,0.0,1.0,
94779e7b2a55eb25ffe0c1c074e1773ad9e6abd9,samples/src/main/res/drawable-xhdpi/droppy1.png,0,0,0,0.0,1,2,0.0,1,20,35,2,35,1.0,1.75,1.75,1,196,52.0,0.0,1.0,
94779e7b2a55eb25ffe0c1c074e1773ad9e6abd9,samples/src/main/res/drawable-xhdpi/droppy2.png,0,0,0,0.0,1,2,0.0,1,20,36,2,36,1.0,1.8,1.8,1,197,53.0,0.0,1.0,
94779e7b2a55eb25ffe0c1c074e1773ad9e6abd9,samples/src/main/res/drawable-xhdpi/droppy3.png,0,0,0,0.0,1,2,0.0,1,20,37,2,37,1.0,1.85,1.85,1,198,54.0,0.0,1.0,
94779e7b2a55eb25ffe0c1c074e1773ad9e6abd9,samples/src/main/res/drawable-xhdpi/droppy4.png,0,0,0,0.0,1,2,0.0,1,20,38,2,38,1.0,1.9,1.9,1,199,55.0,0.0,1.0,
94779e7b2a55eb25ffe0c1c074e1773ad9e6abd9,samples/src/main/res/drawable-xxhdpi/droppy1.png,0,0,0,0.0,1,2,0.0,1,20,39,2,39,1.0,1.95,1.95,1,200,56.0,0.0,1.0,
94779e7b2a55eb25ffe0c1c074e1773ad9e6abd9,samples/src/main/res/drawable-xxhdpi/droppy2.png,0,0,0,0.0,1,2,0.0,1,20,40,2,40,1.0,2.0,2.0,1,201,57.0,0.0,1.0,
94779e7b2a55eb25ffe0c1c074e1773ad9e6abd9,samples/src/main/res/drawable-xxhdpi/droppy3.png,0,0,0,0.0,1,2,0.0,1,20,41,2,41,1.0,2.05,2.05,1,202,58.0,0.0,1.0,
94779e7b2a55eb25ffe0c1c074e1773ad9e6abd9,samples/src/main/res/drawable-xxhdpi/droppy4.png,0,0,0,0.0,1,2,0.0,1,20,42,2,42,1.0,2.1,2.1,1,203,59.0,0.0,1.0,
94779e7b2a55eb25ffe0c1c074e1773ad9e6abd9,samples/src/main/res/menu/droppy.xml,4,2,30,0.0,1,3,1.0,0,20,42,3,42,1.0,2.1,2.1,1,204,60.0,0.0,1.0,-0.2891814483728234
7f89a9c850a4bd6268c5eab4e05c5ac05dd1ecae,library/build.gradle,3,3,161,0.2930439814814815,1,5,1.0,0,6,16,5,16,2.0,5.333333333333333,5.333333333333333,1,205,78.0,4.412457048066669,1.0,-0.48220555587606945
7f89a9c850a4bd6268c5eab4e05c5ac05dd1ecae,library/src/main/java/com/shehabic/droppy/DroppyMenuItemAbstract.java,1,1,68,0.2930439814814815,1,4,1.0,0,6,21,4,21,2.0,7.0,7.0,1,206,79.0,2.7062285240333344,1.0,-0.27813981497507173
7f89a9c850a4bd6268c5eab4e05c5ac05dd1ecae,library/src/main/java/com/shehabic/droppy/DroppyMenuPopup.java,12,5,626,0.2930439814814815,1,3,1.0,0,4,17,3,17,1.3333333333333333,5.666666666666667,5.666666666666667,1,207,80.0,2.1374856826888897,1.0,-0.42023034205641463
7f89a9c850a4bd6268c5eab4e05c5ac05dd1ecae,library/src/main/java/com/shehabic/droppy/DroppyMenuSeparator.java,1,1,14,0.2930439814814815,1,4,1.0,0,6,25,4,25,2.0,8.333333333333334,8.333333333333334,1,208,81.0,1.8531142620166672,1.0,-0.27813981497507173
a5aea178ab694d1935bc7be9ece7aff67aa5e836,README.md,4,4,146,2.6541435185185187,1,18,1.0,0,0,0,18,0,0.0,0.0,0.0,1,209,26.0,1.3767693770223008,1.0,0.0
2918f901721e9aef04540004c1236da0f4f8d6b4,README.md,1,1,146,0.34849537037037037,1,19,1.0,0,0,0,19,0,0.0,0.0,0.0,1,210,27.0,3.869478578545334,1.0,0.0
d0b6363bcaaada996173cc8832aee84384808a12,README.md,29,0,146,2.116678240740741,1,20,1.0,0,0,0,20,0,0.0,0.0,0.0,1,211,28.0,1.4724383615575154,1.0,0.0
4f2925a1d098027135d6bba52bc665d57cae9b9b,README.md,2,0,175,3.125787037037037,1,21,1.0,0,0,0,21,0,0.0,0.0,0.0,1,212,29.0,1.3199194276996904,1.0,0.0
75315f9559543977dfe1b11bc69930e53ea577aa,README.md,1,1,177,0.8700231481481482,1,22,1.0,0,0,0,22,0,0.0,0.0,0.0,1,213,30.0,2.1493947053345748,1.0,0.0
05adadb33988304ab712274b6cafae257de9e5a4,README.md,5,5,177,5.2736226851851855,1,23,1.0,0,0,0,23,0,0.0,0.0,0.0,1,214,31.0,1.1896229707159804,1.0,0.0
c7bf0fe5b687df0fc0e047b77729caf9645a100c,README.md,10,2,177,1.7683796296296297,1,24,1.0,0,15,40,24,40,0.3488372093023256,0.9302325581395349,0.9302325581395349,1,215,32.0,1.5654894363431682,1.0,-0.047600139087550855
c7bf0fe5b687df0fc0e047b77729caf9645a100c,library/build.gradle,2,2,161,13.517511574074074,1,6,1.0,0,39,132,6,132,0.9069767441860465,3.0697674418604652,3.0697674418604652,1,216,82.0,1.065419803574011,1.0,-0.019334902308660983
c7bf0fe5b687df0fc0e047b77729caf9645a100c,library/library.iml,0,3,97,17.594780092592593,1,3,1.0,0,13,58,3,58,0.3023255813953488,1.3488372093023255,1.3488372093023255,1,217,83.0,1.0304130043753894,1.0,-0.015182310483047452
c7bf0fe5b687df0fc0e047b77729caf9645a100c,library/src/main/java/com/shehabic/droppy/DroppyMenuCustomItem.java,32,0,0,0.0,1,0,1.0,0,0,0,1,0,0.0,0.0,0.0,1,218,84.0,1.0304130043753894,1.0,-0.10216280709073208
c7bf0fe5b687df0fc0e047b77729caf9645a100c,library/src/main/java/com/shehabic/droppy/DroppyMenuCustomView.java,0,32,32,21.747824074074074,1,2,1.0,0,12,54,2,54,0.27906976744186046,1.255813953488372,1.255813953488372,1,219,85.0,1.0183054648168544,1.0,-0.10216280709073208
c7bf0fe5b687df0fc0e047b77729caf9645a100c,library/src/main/java/com/shehabic/droppy/DroppyMenuItem.java,7,9,75,13.810555555555556,1,5,1.0,0,39,162,5,162,0.9069767441860465,3.7674418604651163,3.7674418604651163,1,220,86.0,1.0146115410203793,1.0,-0.05983413877512534
c7bf0fe5b687df0fc0e047b77729caf9645a100c,library/src/main/java/com/shehabic/droppy/DroppyMenuPopup.java,17,9,633,13.517511574074074,1,4,1.0,0,26,93,4,93,0.6046511627906976,2.1627906976744184,2.1627906976744184,1,221,87.0,1.0122015854435085,1.0,-0.08726798498897233
c7bf0fe5b687df0fc0e047b77729caf9645a100c,library/src/main/java/com/shehabic/droppy/DroppyMenuSeparator.java,1,1,14,13.517511574074074,1,5,1.0,0,30,115,5,115,0.6976744186046512,2.6744186046511627,2.6744186046511627,1,222,88.0,1.0104740476375205,1.0,-0.010761543058050405
c7bf0fe5b687df0fc0e047b77729caf9645a100c,library/src/main/java/com/shehabic/droppy/views/DroppyMenuContainer.java,0,40,80,13.810555555555556,1,4,1.0,0,30,104,4,104,0.6976744186046512,2.4186046511627906,2.4186046511627906,1,223,89.0,1.0091504176148929,1.0,-0.12065913041949032
c7bf0fe5b687df0fc0e047b77729caf9645a100c,library/src/main/java/com/shehabic/droppy/views/DroppyMenuContainerView.java,40,0,0,0.0,1,0,1.0,0,0,0,1,0,0.0,0.0,0.0,1,224,90.0,1.0091504176148929,1.0,-0.12065913041949032
c7bf0fe5b687df0fc0e047b77729caf9645a100c,library/src/main/java/com/shehabic/droppy/views/DroppyMenuItem.java,0,68,136,13.810555555555556,1,4,1.0,0,30,107,4,107,0.6976744186046512,2.488372093023256,2.488372093023256,1,225,91.0,1.0081237945943669,1.0,-0.1766432992007252
c7bf0fe5b687df0fc0e047b77729caf9645a100c,library/src/main/java/com/shehabic/droppy/views/DroppyMenuItemIcon.java,0,54,104,13.810555555555556,1,4,1.0,0,30,110,4,110,0.6976744186046512,2.558139534883721,2.558139534883721,1,226,92.0,1.0073042956021376,1.0,-0.15009999674852761
c7bf0fe5b687df0fc0e047b77729caf9645a100c,library/src/main/java/com/shehabic/droppy/views/DroppyMenuItemIconView.java,54,0,0,0.0,1,0,1.0,0,0,0,1,0,0.0,0.0,0.0,1,227,93.0,1.0073042956021376,1.0,-0.15009999674852761
c7bf0fe5b687df0fc0e047b77729caf9645a100c,library/src/main/java/com/shehabic/droppy/views/DroppyMenuItemTitle.java,0,58,116,13.810555555555556,1,4,1.0,0,30,113,4,113,0.6976744186046512,2.627906976744186,2.627906976744186,1,228,94.0,1.0066349825770273,1.0,-0.1579474961028276
c7bf0fe5b687df0fc0e047b77729caf9645a100c,library/src/main/java/com/shehabic/droppy/views/DroppyMenuItemTitleView.java,58,0,0,0.0,1,0,1.0,0,0,0,1,0,0.0,0.0,0.0,1,229,95.0,1.0066349825770273,1.0,-0.1579474961028276
c7bf0fe5b687df0fc0e047b77729caf9645a100c,library/src/main/java/com/shehabic/droppy/views/DroppyMenuItemView.java,68,0,0,0.0,1,0,1.0,0,0,0,1,0,0.0,0.0,0.0,1,230,96.0,1.0066349825770273,1.0,-0.1766432992007252
c7bf0fe5b687df0fc0e047b77729caf9645a100c,library/src/main/java/com/shehabic/droppy/views/DroppyMenuPopup.java,0,48,96,13.810555555555556,1,4,1.0,0,30,116,4,116,0.6976744186046512,2.697674418604651,2.697674418604651,1,231,97.0,1.0060780352188374,1.0,-0.1378841449716476
c7bf0fe5b687df0fc0e047b77729caf9645a100c,library/src/main/java/com/shehabic/droppy/views/DroppyMenuPopupView.java,48,0,0,0.0,1,0,1.0,0,0,0,1,0,0.0,0.0,0.0,1,232,98.0,1.0060780352188374,1.0,-0.1378841449716476
c7bf0fe5b687df0fc0e047b77729caf9645a100c,library/src/main/java/com/shehabic/droppy/views/DroppyMenuSeparator.java,0,51,102,13.810555555555556,1,3,1.0,0,16,63,3,63,0.37209302325581395,1.4651162790697674,1.4651162790697674,1,233,99.0,1.0056073485340937,1.0,-0.14406174817692302
c7bf0fe5b687df0fc0e047b77729caf9645a100c,library/src/main/java/com/shehabic/droppy/views/DroppyMenuSeparatorView.java,51,0,0,0.0,1,0,1.0,0,0,0,1,0,0.0,0.0,0.0,1,234,100.0,1.0056073485340937,1.0,-0.14406174817692302
c7bf0fe5b687df0fc0e047b77729caf9645a100c,library/src/main/res/values/droppy__attr.xml,6,6,128,13.810555555555556,1,3,1.0,0,24,99,3,99,0.5581395348837209,2.302325581395349,2.302325581395349,1,235,101.0,1.0052043226718608,1.0,-0.047600139087550855
c7bf0fe5b687df0fc0e047b77729caf9645a100c,samples/build.gradle,2,1,26,21.747824074074074,1,2,1.0,0,12,57,2,57,0.27906976744186046,1.3255813953488371,1.3255813953488371,1,236,61.0,1.0046751738959068,1.0,-0.015182310483047452
c7bf0fe5b687df0fc0e047b77729caf9645a100c,samples/src/main/AndroidManifest.xml,19,6,20,21.747824074074074,1,2,1.0,0,12,58,2,58,0.27906976744186046,1.3488372093023255,1.3488372093023255,1,237,62.0,1.0042436966369883,1.0,-0.08468536878122737
c7bf0fe5b687df0fc0e047b77729caf9645a100c,samples/src/main/java/com/shehabic/droppy_samples/ActivityWithFragment.java,133,0,0,0.0,1,0,1.0,0,0,0,1,0,0.0,0.0,0.0,1,238,63.0,1.0042436966369883,1.0,-0.27507775344697216
c7bf0fe5b687df0fc0e047b77729caf9645a100c,samples/src/main/java/com/shehabic/droppy_samples/DefaultExampleActivity.java,100,0,0,0.0,1,0,1.0,0,0,0,1,0,0.0,0.0,0.0,1,239,64.0,1.0042436966369883,1.0,-0.22933228475291823
c7bf0fe5b687df0fc0e047b77729caf9645a100c,samples/src/main/java/com/shehabic/droppy_samples/FullscreenActivity.java,228,0,0,0.0,1,0,1.0,0,0,0,1,0,0.0,0.0,0.0,1,240,65.0,1.0042436966369883,1.0,-0.37457360925803
c7bf0fe5b687df0fc0e047b77729caf9645a100c,samples/src/main/java/com/shehabic/droppy_samples/MainActivity.java,5,3,135,13.810555555555556,1,5,1.0,0,39,185,5,185,0.9069767441860465,4.3023255813953485,4.3023255813953485,1,241,66.0,1.0040087524428336,1.0,-0.03429343700244232
c7bf0fe5b687df0fc0e047b77729caf9645a100c,samples/src/main/java/com/shehabic/droppy_samples/util/SystemUiHider.java,172,0,0,0.0,1,0,1.0,0,0,0,1,0,0.0,0.0,0.0,1,242,67.0,1.0040087524428336,1.0,-0.32083321841423806
c7bf0fe5b687df0fc0e047b77729caf9645a100c,samples/src/main/java/com/shehabic/droppy_samples/util/SystemUiHiderBase.java,63,0,0,0.0,1,0,1.0,0,0,0,1,0,0.0,0.0,0.0,1,243,68.0,1.0040087524428336,1.0,-0.16745215382284664
c7bf0fe5b687df0fc0e047b77729caf9645a100c,samples/src/main/java/com/shehabic/droppy_samples/util/SystemUiHiderHoneycomb.java,141,0,0,0.0,1,0,1.0,0,0,0,1,0,0.0,0.0,0.0,1,244,69.0,1.0040087524428336,1.0,-0.2851238289797363
c7bf0fe5b687df0fc0e047b77729caf9645a100c,samples/src/main/res/layout/activity_activity_with_fragment.xml,7,0,0,0.0,1,0,1.0,0,0,0,1,0,0.0,0.0,0.0,1,245,70.0,1.0040087524428336,1.0,-0.030744457347375964
c7bf0fe5b687df0fc0e047b77729caf9645a100c,samples/src/main/res/layout/activity_fullscreen.xml,54,0,0,0.0,1,0,1.0,0,0,0,1,0,0.0,0.0,0.0,1,246,71.0,1.0040087524428336,1.0,-0.15009999674852761
c7bf0fe5b687df0fc0e047b77729caf9645a100c,samples/src/main/res/layout/activity_main.xml,1,1,34,21.747824074074074,1,2,1.0,0,12,60,2,60,0.27906976744186046,1.3953488372093024,1.3953488372093024,1,247,72.0,1.0036872885677155,1.0,-0.010761543058050405
c7bf0fe5b687df0fc0e047b77729caf9645a100c,samples/src/main/res/layout/activity_selector.xml,12,0,0,0.0,1,0,1.0,0,0,0,1,0,0.0,0.0,0.0,1,248,73.0,1.0036872885677155,1.0,-0.047600139087550855
c7bf0fe5b687df0fc0e047b77729caf9645a100c,samples/src/main/res/layout/fragment_activity_with.xml,25,0,0,0.0,1,0,1.0,0,0,0,1,0,0.0,0.0,0.0,1,249,74.0,1.0036872885677155,1.0,-0.08468536878122737
c7bf0fe5b687df0fc0e047b77729caf9645a100c,samples/src/main/res/layout/item_layout.xml,11,0,0,0.0,1,0,1.0,0,0,0,1,0,0.0,0.0,0.0,1,250,75.0,1.0036872885677155,1.0,-0.04438884359990618
c7bf0fe5b687df0fc0e047b77729caf9645a100c,samples/src/main/res/menu/droppy.xml,1,1,32,13.810555555555556,1,4,1.0,0,19,99,4,99,0.4418604651162791,2.302325581395349,2.302325581395349,1,251,76.0,1.0035086174731425,1.0,-0.010761543058050405
c7bf0fe5b687df0fc0e047b77729caf9645a100c,samples/src/main/res/menu/menu_activity_with.xml,9,0,0,0.0,1,0,1.0,0,0,0,1,0,0.0,0.0,0.0,1,252,77.0,1.0035086174731425,1.0,-0.03774350557031828
c7bf0fe5b687df0fc0e047b77729caf9645a100c,samples/src/main/res/menu/menu_main.xml,1,1,9,21.747824074074074,1,2,1.0,0,12,61,2,61,0.27906976744186046,1.4186046511627908,1.4186046511627908,1,253,78.0,1.0032598734927614,1.0,-0.010761543058050405
c7bf0fe5b687df0fc0e047b77729caf9645a100c,samples/src/main/res/values-v11/styles.xml,15,0,0,0.0,1,0,1.0,0,0,0,1,0,0.0,0.0,0.0,1,254,79.0,1.0032598734927614,1.0,-0.05685853194296678
c7bf0fe5b687df0fc0e047b77729caf9645a100c,samples/src/main/res/values/attrs.xml,12,0,0,0.0,1,0,1.0,0,0,0,1,0,0.0,0.0,0.0,1,255,80.0,1.0032598734927614,1.0,-0.047600139087550855
c7bf0fe5b687df0fc0e047b77729caf9645a100c,samples/src/main/res/values/colors.xml,2,0,8,13.810555555555556,1,3,1.0,0,20,83,3,83,0.46511627906976744,1.930232558139535,1.930232558139535,1,256,81.0,1.003119434481189,1.0,-0.010761543058050405
c7bf0fe5b687df0fc0e047b77729caf9645a100c,samples/src/main/res/values/strings.xml,6,0,7,21.747824074074074,1,2,1.0,0,12,62,2,62,0.27906976744186046,1.441860465116279,1.441860465116279,1,257,82.0,1.0029212539482573,1.0,-0.027082345254935167
c7bf0fe5b687df0fc0e047b77729caf9645a100c,samples/src/main/res/values/styles.xml,19,0,30,13.810555555555556,1,5,1.0,0,42,184,5,184,0.9767441860465116,4.27906976744186,4.27906976744186,1,258,83.0,1.0028079688596254,1.0,-0.06847611268636498
e4511f1a5b592d6692e3882ab1cfa1d480c9c888,README.md,1,1,185,0.0023032407407407407,1,25,1.0,0,2,12,25,12,2.0,12.0,12.0,1,259,33.0,435.1708542713568,1.0,-0.5
e4511f1a5b592d6692e3882ab1cfa1d480c9c888,library/build.gradle,3,3,161,0.0023032407407407407,1,7,1.0,0,2,50,7,50,2.0,50.0,50.0,1,260,102.0,218.0854271356784,1.0,-0.31127812445913283
a0abf7764adc5a012c1ec38f597a66561fd913ca,library/build.gradle,3,3,161,10.410243055555556,1,8,1.0,0,7,25,8,25,3.5,12.5,12.5,1,261,103.0,1.096059236529193,1.0,-0.42046815990354147
a0abf7764adc5a012c1ec38f597a66561fd913ca,library/library.iml,3,0,94,10.412546296296297,1,4,1.0,0,4,28,4,28,2.0,14.0,14.0,1,262,104.0,1.0480243056346852,1.0,-0.2891814483728234
a0abf7764adc5a012c1ec38f597a66561fd913ca,library/src/main/java/com/shehabic/droppy/DroppyMenuPopup.java,18,11,641,10.412546296296297,1,5,1.0,0,5,36,5,36,2.5,18.0,18.0,1,263,105.0,1.0320150233461405,1.0,-0.29759076397801015
9586f56ffc87febf502a659fbe89172c4f886250,README.md,3,3,185,10.441967592592592,1,26,1.0,0,0,0,26,0,0.0,0.0,0.0,1,264,34.0,1.0957673916465118,1.0,0.0
d4a5dd130c2cb82641beac76842595d5311d920f,library/src/main/java/com/shehabic/droppy/DroppyMenuItem.java,1,0,73,180.00081018518517,1,6,0.9891304347826086,1,0,0,6,0,0.0,0.0,0.0,1,1,0.0,,,
3793cf80b1506a20592cd311fe33badbfca62988,README.md,3,3,185,188.37944444444443,1,27,1.0,0,0,0,27,0,0.0,0.0,0.0,1,265,35.0,1.0053084348079968,1.0,0.0
228a80572b3d5ca3d0217a271c3276b9843f2275,.gitignore,1,0,6,352.1912037037037,1,2,1.0,0,0,0,2,0,0.0,0.0,0.0,1,266,36.0,1.0028393667686297,1.0,-0.017578125
228a80572b3d5ca3d0217a271c3276b9843f2275,Changelog.md,11,0,0,0.0,1,0,1.0,0,0,0,1,0,0.0,0.0,0.0,1,267,37.0,1.0028393667686297,1.0,-0.11903564881833933
228a80572b3d5ca3d0217a271c3276b9843f2275,README.md,20,4,185,131.61873842592593,1,28,1.0,0,0,0,28,0,0.0,0.0,0.0,1,268,38.0,1.0020669273467142,1.0,-0.2069548827786958
228a80572b3d5ca3d0217a271c3276b9843f2275,droppy-preview.gif,0,0,0,0.0,1,0,1.0,0,0,0,1,0,0.0,0.0,0.0,1,269,39.0,1.0020669273467142,1.0,
228a80572b3d5ca3d0217a271c3276b9843f2275,library/build.gradle,3,3,161,320.0299074074074,1,9,1.0,0,0,0,9,0,0.0,0.0,0.0,1,270,106.0,1.001244028895278,1.0,-0.07517622069467396
228a80572b3d5ca3d0217a271c3276b9843f2275,library/src/main/AndroidManifest.xml,1,7,10,352.1902777777778,1,2,1.0,0,0,0,2,0,0.0,0.0,0.0,1,271,107.0,1.0008650293589862,1.0,-0.09375
228a80572b3d5ca3d0217a271c3276b9843f2275,library/src/main/java/com/shehabic/droppy/DroppyMenuPopup.java,111,16,648,320.0299074074074,1,6,1.0,0,0,0,6,0,0.0,0.0,0.0,1,272,108.0,1.0006774792193247,1.0,-0.4989004780858104
228a80572b3d5ca3d0217a271c3276b9843f2275,library/src/main/java/com/shehabic/droppy/animations/DroppyAnimation.java,13,0,0,0.0,1,0,1.0,0,0,0,1,0,0.0,0.0,0.0,1,273,109.0,1.0006774792193247,1.0,-0.13455914778157385
228a80572b3d5ca3d0217a271c3276b9843f2275,library/src/main/java/com/shehabic/droppy/animations/DroppyFadeInAnimation.java,42,0,0,0.0,1,0,1.0,0,0,0,1,0,0.0,0.0,0.0,1,274,110.0,1.0006774792193247,1.0,-0.2959427114126798
228a80572b3d5ca3d0217a271c3276b9843f2275,library/src/main/java/com/shehabic/droppy/animations/DroppyScaleAnimation.java,45,0,0,0.0,1,0,1.0,0,0,0,1,0,0.0,0.0,0.0,1,275,111.0,1.0006774792193247,1.0,-0.3083332239553997
228a80572b3d5ca3d0217a271c3276b9843f2275,library/src/main/java/com/shehabic/droppy/views/DroppyMenuContainerView.java,1,0,40,330.4424537037037,1,2,1.0,0,0,0,2,0,0.0,0.0,0.0,1,276,112.0,1.0005535558386478,1.0,-0.017578125
228a80572b3d5ca3d0217a271c3276b9843f2275,library/src/main/java/com/shehabic/droppy/views/DroppyMenuItemIconView.java,1,0,54,330.4424537037037,1,2,1.0,0,0,0,2,0,0.0,0.0,0.0,1,277,113.0,1.000467957774805,1.0,-0.017578125
228a80572b3d5ca3d0217a271c3276b9843f2275,library/src/main/java/com/shehabic/droppy/views/DroppyMenuItemTitleView.java,1,0,58,330.4424537037037,1,2,1.0,0,0,0,2,0,0.0,0.0,0.0,1,278,114.0,1.0004052869856144,1.0,-0.017578125
228a80572b3d5ca3d0217a271c3276b9843f2275,library/src/main/java/com/shehabic/droppy/views/DroppyMenuItemView.java,1,0,68,330.4424537037037,1,2,1.0,0,0,0,2,0,0.0,0.0,0.0,1,279,115.0,1.000357419876754,1.0,-0.017578125
228a80572b3d5ca3d0217a271c3276b9843f2275,library/src/main/java/com/shehabic/droppy/views/DroppyMenuPopupView.java,3,1,48,330.4424537037037,1,2,1.0,0,0,0,2,0,0.0,0.0,0.0,1,280,116.0,1.0003196652666597,1.0,-0.0546875
228a80572b3d5ca3d0217a271c3276b9843f2275,library/src/main/java/com/shehabic/droppy/views/DroppyMenuSeparatorView.java,4,3,51,330.4424537037037,1,2,1.0,0,0,0,2,0,0.0,0.0,0.0,1,281,117.0,1.0002891247386019,1.0,-0.08466506942499369
228a80572b3d5ca3d0217a271c3276b9843f2275,library/src/main/res/values/droppy__attr.xml,1,1,128,330.4424537037037,1,4,1.0,0,0,0,4,0,0.0,0.0,0.0,1,282,118.0,1.0002639109291085,1.0,-0.03125
228a80572b3d5ca3d0217a271c3276b9843f2275,library/src/main/res/values/droppy__styles.xml,2,1,142,344.2530092592593,1,4,1.0,0,0,0,4,0,0.0,0.0,0.0,1,283,119.0,1.00024193098357,1.0,-0.04344748534733697
228a80572b3d5ca3d0217a271c3276b9843f2275,samples/src/main/AndroidManifest.xml,1,2,33,330.4424537037037,1,3,1.0,0,0,0,3,0,0.0,0.0,0.0,1,284,84.0,1.0002240217303568,1.0,-0.04344748534733697
228a80572b3d5ca3d0217a271c3276b9843f2275,samples/src/main/java/com/shehabic/droppy_samples/ActivityWithFragment.java,1,0,133,330.4424537037037,1,2,1.0,0,0,0,2,0,0.0,0.0,0.0,1,285,85.0,1.0002085812352899,1.0,-0.017578125
228a80572b3d5ca3d0217a271c3276b9843f2275,samples/src/main/java/com/shehabic/droppy_samples/MainActivity.java,54,17,137,330.4424537037037,1,6,1.0,0,0,0,6,0,0.0,0.0,0.0,1,286,86.0,1.0001951319426976,1.0,-0.3952499111624367
228a80572b3d5ca3d0217a271c3276b9843f2275,samples/src/main/res/menu/droppy.xml,123,2,32,330.4424537037037,1,5,1.0,0,0,0,5,0,0.0,0.0,0.0,1,287,87.0,1.0001833120068697,1.0,-0.49663469612742017
228a80572b3d5ca3d0217a271c3276b9843f2275,samples/src/main/res/values/strings.xml,2,2,13,330.4424537037037,1,3,1.0,0,0,0,3,0,0.0,0.0,0.0,1,288,88.0,1.000172842248522,1.0,-0.0546875
228a80572b3d5ca3d0217a271c3276b9843f2275,samples/src/main/res/values/styles.xml,11,0,49,330.4424537037037,1,6,1.0,0,0,0,6,0,0.0,0.0,0.0,1,289,89.0,1.00016350382304,1.0,-0.11903564881833933
bd54cd3e1d7a23fb8c925c277bce0d80f9ac169e,library/src/main/res/drawable-v21/droppy_list_item_selector.xml,7,0,0,0.0,1,0,1.0,0,0,0,1,0,0.0,0.0,0.0,1,1,0.0,,,
2e5e8e11f986e0c17ed5e4d2fa09eddf212f194c,library/.gitignore,1,0,1,363.0498263888889,1,2,1.0,0,0,0,2,0,0.0,0.0,0.0,1,290,120.0,1.0027544428541575,1.0,-0.46438561897747244
2e5e8e11f986e0c17ed5e4d2fa09eddf212f194c,library/build.gradle,2,2,161,10.85954861111111,1,10,1.0,0,0,0,10,0,0.0,0.0,0.0,1,291,121.0,1.002674444843754,1.0,-0.2575424759098898
edf3ebf7b1d698d2c5f69d6632bb9a1143124602,README.md,3,3,201,11.418055555555556,1,29,1.0,0,0,0,29,0,0.0,0.0,0.0,1,292,40.0,1.0875805863033694,1.0,0.0
79055a3fe8d609114f6058efdd88d33004d77f5f,Changelog.md,4,0,11,11.419131944444445,1,2,1.0,0,0,0,2,0,0.0,0.0,0.0,1,293,41.0,1.0875723307923169,1.0,0.0
42f67ea05a5bcb4e5d4d6394d80d8c6c2d544168,library/src/main/java/com/shehabic/droppy/DroppyMenuPopup.java,7,5,743,446.7506134259259,1,7,0.9911504424778761,1,0,0,7,0,0.0,0.0,0.0,1,1,0.0,,,
e2a2ed3a50965f2a63aa1f08d8d005c2bb05297e,.gitignore,47,7,7,446.75943287037035,1,3,0.8703703703703703,0,0,0,3,0,0.0,0.0,0.0,1,1,-0.4604941867724414,,,
e2a2ed3a50965f2a63aa1f08d8d005c2bb05297e,Droppy_Samples.iml,0,19,19,798.9506365740741,1,2,1.0,1,0,0,2,0,0.0,0.0,0.0,1,1,1.0,1.000802755010599,1.0,-0.26576573160636624
e2a2ed3a50965f2a63aa1f08d8d005c2bb05297e,build.gradle,1,1,19,794.7966666666666,1,3,0.9523809523809523,1,0,0,3,0,0.0,0.0,0.0,1,2,2.0,1.0004900743439376,1.0,-0.05151104678824761
e2a2ed3a50965f2a63aa1f08d8d005c2bb05297e,gradle/wrapper/gradle-wrapper.properties,2,2,6,798.9506365740741,1,2,0.75,0,0,0,2,0,0.0,0.0,0.0,1,3,2.0,1.000352179965658,1.0,-0.08852933995330681
e2a2ed3a50965f2a63aa1f08d8d005c2bb05297e,library/.gitignore,1,1,2,435.89988425925924,1,3,0.6666666666666666,0,0,0,3,0,0.0,0.0,0.0,1,4,2.0,1.0003053102063537,1.0,-0.05151104678824761
e2a2ed3a50965f2a63aa1f08d8d005c2bb05297e,library/build.gradle,1,1,161,435.89988425925924,1,11,0.9945652173913043,1,0,0,11,0,0.0,0.0,0.0,1,5,1.0,1.0002694504751228,1.0,-0.05151104678824761
e2a2ed3a50965f2a63aa1f08d8d005c2bb05297e,library/library.iml,0,97,97,766.7893402777778,1,5,1.0,1,0,0,5,0,0.0,0.0,0.0,1,6,2.0,1.000223311661488,1.0,-0.5302004587511994
e2a2ed3a50965f2a63aa1f08d8d005c2bb05297e,samples/build.gradle,1,1,27,777.201886574074,1,3,0.9655172413793104,1,0,0,3,0,0.0,0.0,0.0,1,7,2.0,1.0001902859636622,1.0,-0.05151104678824761
e2a2ed3a50965f2a63aa1f08d8d005c2bb05297e,samples/samples.iml,0,94,94,798.9497106481482,1,2,1.0,1,0,0,2,0,0.0,0.0,0.0,1,8,1.0,1.0001651746419593,1.0,-0.5292389379690217
543064384372ebdcc5d304490806437d82b314db,.gitignore,1,1,47,0.016875,1,4,0.8727272727272727,0,2,14,4,14,0.13333333333333333,0.9333333333333333,0.9333333333333333,1,9,3.0,60.25925925925925,1.0,-0.0786449301629145
543064384372ebdcc5d304490806437d82b314db,library/build.gradle,4,4,161,0.016875,1,12,0.973404255319149,1,2,7,12,7,0.13333333333333333,0.4666666666666667,0.4666666666666667,1,10,3.0,30.629629629629626,1.0,-0.21520083866408032
543064384372ebdcc5d304490806437d82b314db,library/src/main/java/com/shehabic/droppy/DroppyClickCallbackInterface.java,1,1,10,798.9665856481481,1,2,0.9090909090909091,0,0,0,2,0,0.0,0.0,0.0,1,11,4.0,1.0012515639298059,1.0,-0.0786449301629145
543064384372ebdcc5d304490806437d82b314db,library/src/main/java/com/shehabic/droppy/DroppyMenuCustomItem.java,2,2,32,777.218761574074,1,2,0.9411764705882353,0,0,0,2,0,0.0,0.0,0.0,1,12,5.0,1.0006344295674137,1.0,-0.13244513982893458
543064384372ebdcc5d304490806437d82b314db,library/src/main/java/com/shehabic/droppy/DroppyMenuItem.java,5,9,74,597.2179513888889,1,7,0.9381443298969072,1,0,0,7,0,0.0,0.0,0.0,1,13,6.0,1.0004601007425722,1.0,-0.3063966918310446
543064384372ebdcc5d304490806437d82b314db,library/src/main/java/com/shehabic/droppy/DroppyMenuItemInterface.java,7,10,52,798.9665856481481,1,2,0.8813559322033898,0,0,0,2,0,0.0,0.0,0.0,1,14,7.0,1.0003364280639662,1.0,-0.3424765132092716
543064384372ebdcc5d304490806437d82b314db,library/src/main/java/com/shehabic/droppy/DroppyMenuPopup.java,10,18,745,0.025694444444444443,1,8,0.978776529338327,2,0,0,8,0,0.0,0.0,0.0,1,15,8.0,1.0003364251557954,1.0,-0.4388803401838283
543064384372ebdcc5d304490806437d82b314db,library/src/main/java/com/shehabic/droppy/DroppyMenuSeparator.java,1,0,14,777.218761574074,1,6,0.9743589743589743,1,0,0,6,0,0.0,0.0,0.0,1,16,9.0,1.0002666916937066,1.0,-0.04553364520568085
543064384372ebdcc5d304490806437d82b314db,library/src/main/java/com/shehabic/droppy/animations/DroppyAnimation.java,5,4,13,446.7763078703704,1,2,0.7222222222222222,0,0,0,2,0,0.0,0.0,0.0,1,17,10.0,1.000238298109324,1.0,-0.232602030372986
543064384372ebdcc5d304490806437d82b314db,library/src/main/java/com/shehabic/droppy/animations/DroppyFadeInAnimation.java,14,12,42,446.7763078703704,1,2,0.75,0,0,0,2,0,0.0,0.0,0.0,1,18,11.0,1.0002153686784858,1.0,-0.4247975537845444
543064384372ebdcc5d304490806437d82b314db,library/src/main/java/com/shehabic/droppy/animations/DroppyScaleAnimation.java,14,13,45,446.7763078703704,1,2,0.7627118644067796,0,0,0,2,0,0.0,0.0,0.0,1,19,12.0,1.0001964645414452,1.0,-0.43200492640174537
543064384372ebdcc5d304490806437d82b314db,library/src/main/java/com/shehabic/droppy/views/DroppyMenuContainerView.java,1,2,41,446.7763078703704,1,3,0.9761904761904762,1,0,0,3,0,0.0,0.0,0.0,1,20,13.0,1.0001806112611284,1.0,-0.1070674728706856
543064384372ebdcc5d304490806437d82b314db,library/src/main/java/com/shehabic/droppy/views/DroppyMenuItemIconView.java,2,2,55,446.7763078703704,1,3,0.9649122807017544,1,0,0,3,0,0.0,0.0,0.0,1,21,14.0,1.0001671254363058,1.0,-0.13244513982893458
543064384372ebdcc5d304490806437d82b314db,library/src/main/java/com/shehabic/droppy/views/DroppyMenuItemTitleView.java,1,1,59,446.7763078703704,1,3,0.9833333333333333,1,0,0,3,0,0.0,0.0,0.0,1,22,15.0,1.0001555135960434,1.0,-0.0786449301629145
543064384372ebdcc5d304490806437d82b314db,library/src/main/java/com/shehabic/droppy/views/DroppyMenuPopupView.java,2,2,50,446.7763078703704,1,3,0.9622641509433962,1,0,0,3,0,0.0,0.0,0.0,1,23,16.0,1.0001454105046763,1.0,-0.13244513982893458
543064384372ebdcc5d304490806437d82b314db,samples/build.gradle,5,5,27,0.016875,1,4,0.8235294117647058,0,2,16,4,16,0.13333333333333333,1.0666666666666667,1.0666666666666667,1,24,2.0,1.0001454101478686,1.0,-0.2490055144861649
415656d34fd4f260037475ce0d67876b1c0a63e1,.gitignore,1,1,47,-0.015520833333333333,1,5,0.875,0,0,0,5,0,0.0,0.0,0.0,1,25,4.0,-63.42953020134229,1.0,0.0
170d9d513c3b6c0847b060f434a544e484d6cd90,.gitignore,1,1,47,0.00010416666666666667,1,6,0.8771929824561403,0,0,0,6,0,0.0,0.0,0.0,1,26,5.0,9601.0,1.0,0.0
efd619d40ddcb8ba662ed7066aabaae463b55305,library/build.gradle,1,1,161,0.007847222222222222,1,13,0.9682539682539683,1,0,0,13,0,0.0,0.0,0.0,1,27,17.0,128.43362831858406,1.0,0.0
9ce0efec5a88fde3454cbb97879ff64c7db463aa,build.gradle,1,1,19,0.06368055555555556,1,4,0.9090909090909091,0,1,13,4,13,1.0,13.0,13.0,1,28,6.0,16.70338058887677,1.0,-0.5283208335737187
9ce0efec5a88fde3454cbb97879ff64c7db463aa,library/build.gradle,2,2,161,0.03895833333333333,1,14,0.9581151832460733,1,1,4,14,4,1.0,4.0,4.0,1,29,18.0,10.742895805142084,1.0,-0.38997500048077083
cb414b18b327378a874adb5c572d2527a4dc00b1,library/build.gradle,2,2,161,0.0001273148148148148,1,15,0.9481865284974094,0,0,0,15,0,0.0,0.0,0.0,1,30,19.0,7855.545454545455,1.0,0.0
00c3183ac19a11f64ca7db352be21a7549514672,README.md,15,12,201,435.41103009259257,1,30,0.9456521739130435,0,0,0,30,0,0.0,0.0,0.0,1,31,7.0,1.0022966804487874,1.0,-0.506345161898381
00c3183ac19a11f64ca7db352be21a7549514672,library/build.gradle,0,76,161,0.005844907407407407,1,16,0.9481865284974094,0,0,0,16,0,0.0,0.0,0.0,1,32,20.0,1.002296649618828,1.0,-0.3236072722739039
abf98b1905e711e07f6e77afd753e1be0009dc78,README.md,12,15,204,0.015405092592592592,1,31,0.90625,0,1,16,31,16,0.5,8.0,8.0,1,33,8.0,65.91359879789633,1.0,-0.523879446316115
abf98b1905e711e07f6e77afd753e1be0009dc78,build.gradle,1,1,19,0.021377314814814814,1,5,0.8695652173913043,0,2,32,5,32,1.0,16.0,16.0,1,34,9.0,28.18691000629327,1.0,-0.12512513783560295
abf98b1905e711e07f6e77afd753e1be0009dc78,library/build.gradle,58,0,85,0.015405092592592592,1,17,0.7290836653386454,0,3,41,17,41,1.5,20.5,20.5,1,35,21.0,20.16167664670659,1.0,-0.38997500048077083
